"Date","Open","High","Low","Close","Volume","Market Cap"
"05-11-2018",0.240807,0.246755,0.239831,0.246529,54187000,4734529558
"04-11-2018",0.235788,0.244596,0.234853,0.241638,57585400,4539255533
"03-11-2018",0.234098,0.239844,0.232162,0.235706,50502800,4539255533
"02-11-2018",0.223014,0.236297,0.223014,0.234244,50452100,4160972341
"01-11-2018",0.22436,0.24053,0.22251,0.222945,38696300,4160972341
"31-10-2018",0.226218,0.227941,0.217748,0.223471,42791700,4160972341
"30-10-2018",0.2222,0.226328,0.221782,0.225093,43111300,4350105142
"29-10-2018",0.231678,0.232719,0.221143,0.222357,45544800,4160850903
"28-10-2018",0.229188,0.23408,0.227392,0.232871,39381600,4345794419
"27-10-2018",0.233858,0.235208,0.2282,0.22876,38499600,4345794419
"26-10-2018",0.235332,0.236927,0.230687,0.234011,35741700,4345794419
"25-10-2018",0.237535,0.239069,0.233741,0.235646,39745700,4534742002
"24-10-2018",0.241749,0.244423,0.236891,0.23776,39973400,4534742002
"23-10-2018",0.242491,0.246983,0.239368,0.242215,39384600,4534742002
"22-10-2018",0.240374,0.244095,0.238244,0.242361,40765500,4534417629
"21-10-2018",0.243722,0.248253,0.23973,0.241724,46623600,4534417521
"20-10-2018",0.245219,0.249199,0.240961,0.244182,60012800,4534417641
"19-10-2018",0.238869,0.246234,0.234606,0.242853,45872300,4534417353
"18-10-2018",0.240969,0.245978,0.232275,0.239452,59461700,4533960693
"17-10-2018",0.229563,0.243272,0.227609,0.240403,74599800,4533879070
"16-10-2018",0.222475,0.229817,0.222002,0.227978,42468100,4344967373
"15-10-2018",0.209662,0.230353,0.20793,0.223001,71749600,4155936110
"14-10-2018",0.214765,0.219311,0.208793,0.210144,36498700,3967029883
"13-10-2018",0.215589,0.219563,0.214387,0.21481,46116600,3967029810
"12-10-2018",0.206477,0.218393,0.206083,0.216032,48988300,4155935793
"11-10-2018",0.240941,0.240941,0.206578,0.207037,75872400,3967029621
"10-10-2018",0.243664,0.245796,0.238212,0.241593,40184400,4533748030
"09-10-2018",0.249569,0.250283,0.242846,0.243915,40657100,4533425710
"08-10-2018",0.243991,0.254004,0.2412,0.249009,41913600,4722156793
"07-10-2018",0.242372,0.246788,0.237606,0.245138,33460000,4701706570
"06-10-2018",0.245137,0.247914,0.238837,0.239771,34392600,4513638307
"05-10-2018",0.2435,0.24762,0.240469,0.245192,38001100,4698706570
"04-10-2018",0.240654,0.248393,0.24002,0.244278,36170200,4510108235
"03-10-2018",0.247934,0.249178,0.237829,0.241136,47661800,4509716327
"02-10-2018",0.258257,0.259782,0.248286,0.248286,50886900,4697621299
"01-10-2018",0.259081,0.263545,0.253404,0.258404,67813900,4885389146
"30-09-2018",0.254448,0.262696,0.252677,0.259599,64864600,4885388522
"29-09-2018",0.252453,0.259334,0.245518,0.253908,54822100,4697488064
"28-09-2018",0.259997,0.262948,0.249273,0.254127,63003000,4697487939
"27-09-2018",0.243985,0.264678,0.243985,0.259216,99370800,4885386754
"26-09-2018",0.250619,0.257956,0.238515,0.244767,89889500,4509587581
"25-09-2018",0.258395,0.258395,0.233449,0.252306,118361000,4697486614
"24-09-2018",0.279833,0.282503,0.254954,0.259048,135616000,4885248683
"23-09-2018",0.239433,0.300275,0.238815,0.281478,317587000,5261036666
"22-09-2018",0.248064,0.249508,0.231003,0.239225,76614200,4508499999
"21-09-2018",0.233042,0.275536,0.231694,0.249211,182926000,4696353741
"20-09-2018",0.206568,0.241435,0.205852,0.231897,89258100,4320645304
"19-09-2018",0.207512,0.211158,0.199817,0.206563,48741100,3944936659
"18-09-2018",0.196495,0.214757,0.194385,0.208417,55982400,3944766125
"17-09-2018",0.206108,0.208782,0.19563,0.196827,42653700,3756815315
"16-09-2018",0.203086,0.208485,0.199028,0.20651,41913100,3944654905
"15-09-2018",0.201211,0.205633,0.200511,0.203202,37685700,3756814165
"14-09-2018",0.206978,0.209517,0.198855,0.201743,49018400,3756813505
"13-09-2018",0.197915,0.211132,0.197915,0.207806,68042900,3944653467
"12-09-2018",0.201214,0.207005,0.186384,0.198293,81499500,3756761925
"11-09-2018",0.19148,0.206932,0.185084,0.201071,77490400,3756761205
"10-09-2018",0.191119,0.195371,0.188329,0.190839,51759700,3568823892
"09-09-2018",0.194291,0.202852,0.190194,0.192781,54678800,3568822125
"08-09-2018",0.207994,0.211684,0.19317,0.194437,52306100,3568821669
"07-09-2018",0.206841,0.211473,0.200723,0.207662,60828100,3944486100
"06-09-2018",0.205908,0.207484,0.195504,0.207484,71466100,3944485239
"05-09-2018",0.231953,0.233226,0.207437,0.207437,69435700,3942483371
"04-09-2018",0.221801,0.237544,0.22012,0.231268,52972600,4317956115
"03-09-2018",0.224672,0.232219,0.219134,0.225325,47867700,4317870818
"02-09-2018",0.229713,0.236545,0.221468,0.224744,44368300,4130136380
"01-09-2018",0.222309,0.233377,0.221976,0.229722,57559200,4317868886
"31-08-2018",0.221804,0.223162,0.214964,0.222076,49383600,4130133311
"30-08-2018",0.226858,0.229215,0.213161,0.220902,52981700,4130130803
"29-08-2018",0.234244,0.236947,0.223817,0.226211,59888100,4317862366
"28-08-2018",0.224904,0.236806,0.223158,0.234745,66510100,4317861118
"27-08-2018",0.213918,0.225866,0.213592,0.225437,50597200,4317777302
"26-08-2018",0.223861,0.223861,0.210491,0.21484,41019000,3942317230
"25-08-2018",0.221346,0.225616,0.21394,0.217795,37623300,4130046523
"24-08-2018",0.214871,0.22547,0.211178,0.219806,46565700,4130046391
"23-08-2018",0.213642,0.222162,0.206242,0.222162,50407300,4130045566
"22-08-2018",0.219224,0.238291,0.205148,0.206896,57593700,3942315624
"21-08-2018",0.217877,0.227195,0.210588,0.214708,57619800,3942314836
"20-08-2018",0.23002,0.235864,0.213588,0.216457,56916000,4129965272
"19-08-2018",0.223625,0.23174,0.217247,0.222723,58941500,4129786287
"18-08-2018",0.239124,0.24527,0.2206,0.224235,73536300,4129786254
"17-08-2018",0.215555,0.239695,0.215364,0.23812,85576200,4505221116
"16-08-2018",0.215885,0.221991,0.209144,0.216032,66979600,4129785594
"15-08-2018",0.218285,0.231441,0.216437,0.216954,98247500,4129784901
"14-08-2018",0.222632,0.222632,0.200299,0.216706,95074200,4129783845
"13-08-2018",0.2234,0.243137,0.219708,0.223559,100249000,4129709167
"12-08-2018",0.218225,0.228675,0.216451,0.223601,69114300,4129708837
"11-08-2018",0.224944,0.22508,0.202855,0.217665,87523800,4129708771
"10-08-2018",0.221085,0.236659,0.215707,0.22543,110186000,4317422806
"09-08-2018",0.201653,0.225776,0.198731,0.221435,75813300,4129708463
"08-08-2018",0.230009,0.230009,0.195939,0.201351,68469800,3754280421
"07-08-2018",0.234099,0.245397,0.228993,0.230672,64467600,4317235915
"06-08-2018",0.245017,0.248388,0.232036,0.234705,52688700,4317160179
"05-08-2018",0.241105,0.246923,0.236088,0.244218,50833600,4504862723
"04-08-2018",0.257761,0.261043,0.236501,0.240724,62650500,4504862723
"03-08-2018",0.261763,0.268918,0.246723,0.258956,78914000,4880268132
"02-08-2018",0.276901,0.2814,0.261192,0.261192,64773900,4880268054
"01-08-2018",0.278127,0.282404,0.265441,0.276268,78075400,5255673205
"31-07-2018",0.295472,0.295472,0.267827,0.278009,90072600,5255671637
"30-07-2018",0.308645,0.308645,0.281066,0.295923,87990000,5630979654
"29-07-2018",0.316401,0.318472,0.305141,0.308399,69073696,5817903790
"28-07-2018",0.317788,0.323001,0.31102,0.315229,72393904,6005578153
"27-07-2018",0.308283,0.322608,0.296822,0.316882,109249000,6005578057
"26-07-2018",0.332303,0.348363,0.29846,0.309552,173806000,5817883252
"25-07-2018",0.297336,0.348664,0.294358,0.331706,180428000,6193213481
"24-07-2018",0.284922,0.304381,0.280882,0.301456,107505000,5630189739
"23-07-2018",0.283119,0.29884,0.281608,0.284384,91948800,5254751515
"22-07-2018",0.290739,0.30446,0.281031,0.283534,98754600,5254685652
"21-07-2018",0.27038,0.294494,0.259513,0.292259,103169000,5442352866
"20-07-2018",0.302421,0.303164,0.267198,0.271492,132780000,5067017983
"19-07-2018",0.296818,0.316271,0.280489,0.302513,190768000,5629996866
"18-07-2018",0.253249,0.318009,0.251712,0.2984,238660000,5629980126
"17-07-2018",0.238004,0.253499,0.228724,0.252967,60804000,4691632743
"16-07-2018",0.219478,0.237928,0.21746,0.237928,51377800,4503877900
"15-07-2018",0.208031,0.222303,0.205996,0.219871,51388000,4128544248
"14-07-2018",0.203789,0.211421,0.197084,0.207877,43684700,3940883146
"13-07-2018",0.185986,0.204272,0.183816,0.204272,49954700,3753222043
"12-07-2018",0.190298,0.19043,0.179743,0.185719,35633800,3565551346
"11-07-2018",0.191825,0.194245,0.18468,0.189504,33530700,3565539348
"10-07-2018",0.206595,0.207311,0.191603,0.191889,36923400,3565528290
"09-07-2018",0.210637,0.213485,0.206826,0.207929,38649000,3940760500
"08-07-2018",0.208953,0.216208,0.207633,0.209783,40958600,3940745758
"07-07-2018",0.206104,0.209379,0.200413,0.20845,36238600,3940745758
"06-07-2018",0.203001,0.209693,0.198991,0.206381,37627900,3940745758
"05-07-2018",0.210213,0.214188,0.199528,0.202978,37009800,3752180213
"04-07-2018",0.205776,0.216548,0.203362,0.209735,33301500,3939783239
"03-07-2018",0.211672,0.218992,0.204606,0.206315,49012200,3939782735
"02-07-2018",0.200196,0.21382,0.192646,0.213151,49362900,3939703065
"01-07-2018",0.19285,0.20131,0.190414,0.198573,41380400,3752087837
"30-06-2018",0.186915,0.199292,0.186915,0.193425,47083800,3564483388
"29-06-2018",0.179309,0.187823,0.173148,0.18671,39542800,3564483274
"28-06-2018",0.18875,0.192287,0.177071,0.178951,32294900,3376861395
"27-06-2018",0.184523,0.193435,0.183107,0.189633,34514300,3564445512
"26-06-2018",0.196489,0.197847,0.184877,0.186484,31190300,3564433276
"25-06-2018",0.193652,0.200452,0.188813,0.197753,38729400,3751943832
"24-06-2018",0.203188,0.203222,0.178151,0.193633,43348500,3564330168
"23-06-2018",0.20367,0.206931,0.197436,0.203515,33872100,3751915932
"22-06-2018",0.227657,0.228462,0.198004,0.203407,41435400,3751903872
"21-06-2018",0.232437,0.236066,0.226508,0.227997,38175500,4314660496
"20-06-2018",0.236379,0.23817,0.227794,0.232188,43000600,4280102501
"19-06-2018",0.233515,0.239484,0.232644,0.235309,34048000,4466125631
"18-06-2018",0.231517,0.240065,0.225079,0.234371,36372000,4279907101
"17-06-2018",0.233146,0.235942,0.230298,0.232105,31223300,4279236885
"16-06-2018",0.232527,0.235072,0.227153,0.234041,34627700,4279214839
"15-06-2018",0.241695,0.242083,0.232559,0.234242,37531000,4279179028
"14-06-2018",0.22189,0.243708,0.219758,0.242426,53521800,4465152314
"13-06-2018",0.232297,0.23392,0.212596,0.221691,48479300,4092984777
"12-06-2018",0.255286,0.255565,0.228748,0.231689,47126900,4278964818
"11-06-2018",0.247103,0.256482,0.241464,0.256482,47904600,4836956589
"10-06-2018",0.282765,0.282765,0.242728,0.247658,54768500,4650862009
"09-06-2018",0.287071,0.29324,0.281894,0.281894,44872900,5208933656
"08-06-2018",0.293776,0.296246,0.285597,0.287963,47014400,5394915454
"07-06-2018",0.297974,0.305812,0.291841,0.294206,49336800,5394821697
"06-06-2018",0.293325,0.299955,0.2895,0.298269,51165000,5572727680
"05-06-2018",0.292134,0.29798,0.282434,0.294313,48728900,5388293673
"04-06-2018",0.304636,0.309088,0.288416,0.292158,56371200,5388137951
"03-06-2018",0.298581,0.309325,0.298349,0.302912,64563800,5573858951
"02-06-2018",0.290961,0.303062,0.28985,0.298413,58244800,5573822546
"01-06-2018",0.296535,0.299187,0.283216,0.290022,62207300,5387990283
"31-05-2018",0.278473,0.302591,0.273827,0.296652,78378600,5573719001
"30-05-2018",0.283893,0.295864,0.271554,0.277747,59599500,5202083498
"29-05-2018",0.253952,0.283321,0.249187,0.282845,62185300,5202013470
"28-05-2018",0.276329,0.27894,0.252205,0.253582,48667900,4644554173
"27-05-2018",0.284194,0.284375,0.274538,0.276376,45604600,5201859290
"26-05-2018",0.288601,0.29488,0.283048,0.284695,40772900,5201834874
"25-05-2018",0.292986,0.298521,0.283877,0.288069,45218800,5387602670
"24-05-2018",0.279751,0.29644,0.276007,0.291338,45262500,5387576193
"23-05-2018",0.300583,0.301912,0.272845,0.280355,39564300,5201766372
"22-05-2018",0.318612,0.321454,0.301084,0.301084,31944800,5573268658
"21-05-2018",0.33296,0.33342,0.315671,0.318115,27528600,5944698705
"20-05-2018",0.317749,0.334381,0.315875,0.33281,30586700,6130445542
"19-05-2018",0.319639,0.329105,0.312646,0.317234,23504200,5944659393
"18-05-2018",0.313269,0.319522,0.306723,0.319488,31108600,5944648545
"17-05-2018",0.335431,0.350488,0.310994,0.313497,31796700,5758860143
"16-05-2018",0.346798,0.347675,0.323518,0.334677,43623300,6130367481
"15-05-2018",0.369699,0.373292,0.348445,0.348445,39801700,6501875084
"14-05-2018",0.376304,0.383316,0.350513,0.36968,58938400,6873270404
"13-05-2018",0.359814,0.381345,0.357971,0.375852,73407904,7059009161
"12-05-2018",0.314162,0.364699,0.304241,0.359937,93267504,6687471293
"11-05-2018",0.353429,0.355498,0.3008,0.314252,80168200,5758646629
"10-05-2018",0.377714,0.386574,0.353962,0.353962,39548400,6501667882
"09-05-2018",0.385144,0.388978,0.359381,0.37797,54383500,7058923661
"08-05-2018",0.396568,0.411193,0.379952,0.386371,50210900,7244645260
"07-05-2018",0.413665,0.414859,0.381616,0.395702,48023200,7428851629
"06-05-2018",0.430338,0.432132,0.40805,0.412944,43793500,7614544240
"05-05-2018",0.431216,0.435669,0.428005,0.430875,44096200,7985970201
"04-05-2018",0.438234,0.439682,0.425356,0.43114,51379800,7985952657
"03-05-2018",0.439016,0.442878,0.429411,0.437379,83481296,8171653434
"02-05-2018",0.439037,0.446807,0.434455,0.439227,68610896,8171636010
"01-05-2018",0.425853,0.451238,0.397226,0.439733,152906000,8171581978
"30-04-2018",0.458688,0.460128,0.417446,0.424659,81453296,7799982673
"29-04-2018",0.429945,0.461518,0.424669,0.458405,156688992,8542783380
"28-04-2018",0.390447,0.435816,0.390447,0.428918,105747000,7985619276
"27-04-2018",0.386439,0.425157,0.38391,0.391085,177676992,7242738776
"26-04-2018",0.341455,0.388597,0.331014,0.387556,152903008,7242564076
"25-04-2018",0.397897,0.3984,0.329635,0.339517,130724000,6313961829
"24-04-2018",0.372631,0.407527,0.370864,0.40067,120285000,7428185887
"23-04-2018",0.367921,0.37505,0.367044,0.372128,57282000,6870772939
"22-04-2018",0.375207,0.383253,0.365541,0.368139,64261400,6870767814
"21-04-2018",0.391513,0.398127,0.3484,0.375663,119787000,7056462646
"20-04-2018",0.366551,0.398048,0.3565,0.391165,170282000,7242157510
"19-04-2018",0.354726,0.377249,0.34903,0.36612,171820000,6870613450
"18-04-2018",0.300338,0.353661,0.300338,0.351544,158384992,6499094631
"17-04-2018",0.284747,0.317498,0.279779,0.300202,112255000,5570442901
"16-04-2018",0.290237,0.301667,0.272608,0.284156,90408600,5196723446
"15-04-2018",0.250979,0.296395,0.250979,0.290722,129731000,5382311098
"14-04-2018",0.245338,0.259121,0.2426,0.250668,44754800,4639921011
"13-04-2018",0.241112,0.26708,0.23292,0.24629,112587000,4639918098
"12-04-2018",0.211258,0.242264,0.206995,0.24212,103292000,4454290438
"11-04-2018",0.199526,0.212465,0.198926,0.212337,40041100,3895762693
"10-04-2018",0.197444,0.201289,0.196407,0.199344,26841200,3710249374
"09-04-2018",0.206718,0.213455,0.192837,0.197333,36684300,3710194412
"08-04-2018",0.201817,0.207877,0.201279,0.206377,18973800,3895702715
"07-04-2018",0.193547,0.20575,0.192891,0.201859,27242100,3710191672
"06-04-2018",0.197781,0.199645,0.18909,0.193317,30056300,3524679932
"05-04-2018",0.207124,0.209153,0.191903,0.19794,46694000,3710186962
"04-04-2018",0.233729,0.236577,0.20238,0.204108,58482100,3710185122
"03-04-2018",0.225992,0.239845,0.225069,0.235691,76510096,4452217743
"02-04-2018",0.207131,0.233383,0.204698,0.224878,70195696,4081131852
"01-04-2018",0.207723,0.21339,0.190688,0.206582,43075500,3895624851
"31-03-2018",0.189039,0.22078,0.189039,0.206778,82895904,3895624767
"30-03-2018",0.190582,0.199357,0.174934,0.188733,37767000,3524612865
"29-03-2018",0.219226,0.22146,0.187853,0.190819,44352600,3524612865
"28-03-2018",0.215889,0.225843,0.215086,0.219251,21717600,4081130312
"27-03-2018",0.228565,0.229138,0.20523,0.216033,37693300,4081130246
"26-03-2018",0.239258,0.246144,0.217238,0.228861,44406300,4266577722
"25-03-2018",0.233062,0.242739,0.230378,0.239952,31527600,4451746062
"24-03-2018",0.237745,0.245778,0.234044,0.235422,37806800,4451745918
"23-03-2018",0.242993,0.242993,0.224581,0.236147,49937100,4451745846
"22-03-2018",0.25517,0.259328,0.228713,0.243212,53777200,4451745702
"21-03-2018",0.27067,0.271789,0.249781,0.254636,93970496,4637234731
"20-03-2018",0.249992,0.282082,0.235574,0.267968,88101600,5008210053
"19-03-2018",0.222368,0.250226,0.212955,0.250226,93820800,4624671108
"18-03-2018",0.206409,0.222828,0.158913,0.220473,91400496,4069710641
"17-03-2018",0.230277,0.234321,0.200989,0.206731,33001800,3884723794
"16-03-2018",0.240988,0.241545,0.227545,0.229991,23756700,4254697557
"15-03-2018",0.248854,0.250575,0.217064,0.240655,54358800,4439684336
"14-03-2018",0.29185,0.297763,0.240711,0.248689,49138300,4624670933
"13-03-2018",0.290151,0.301183,0.28229,0.290193,24814700,5364618195
"12-03-2018",0.304301,0.312193,0.286332,0.291765,29443200,5364545579
"11-03-2018",0.291868,0.306688,0.280042,0.304217,26023900,5549526399
"10-03-2018",0.315618,0.320392,0.29007,0.292661,21963200,5364541606
"09-03-2018",0.311237,0.31544,0.267454,0.311859,56838800,5734509590
"08-03-2018",0.329847,0.341127,0.306218,0.311938,47233100,5734503886
"07-03-2018",0.337814,0.349137,0.300388,0.329103,62389100,6094569816
"06-03-2018",0.351753,0.366554,0.335254,0.337911,44141000,6279247494
"05-03-2018",0.363777,0.398224,0.352031,0.352031,98523696,6463843589
"04-03-2018",0.354031,0.363792,0.342398,0.36193,99892704,6648522782
"03-03-2018",0.319021,0.350168,0.313368,0.350168,52827100,6463840789
"02-03-2018",0.338691,0.340805,0.31885,0.320107,38378100,5909796844
"01-03-2018",0.334118,0.347566,0.321558,0.339314,46631800,6279154812
"28-02-2018",0.36041,0.364738,0.333916,0.333916,38961000,6094467716
"27-02-2018",0.364632,0.37245,0.354834,0.362051,38136100,6648508220
"26-02-2018",0.358687,0.371765,0.346502,0.364579,42535600,6648420827
"25-02-2018",0.354549,0.36694,0.336719,0.357302,42268800,6648419027
"24-02-2018",0.382687,0.386899,0.346156,0.355163,34738100,6648418523
"23-02-2018",0.364134,0.390408,0.352623,0.381985,56829000,7017770775
"22-02-2018",0.393891,0.408898,0.358483,0.366447,69561104,6833087084
"21-02-2018",0.399718,0.433562,0.379845,0.396765,132189000,7387116612
"20-02-2018",0.452845,0.455373,0.399315,0.402289,104842000,7387115252
"19-02-2018",0.450437,0.461753,0.448995,0.452932,57015400,8310398055
"18-02-2018",0.479855,0.486165,0.441988,0.450399,74452000,8310396232
"17-02-2018",0.455103,0.483244,0.451585,0.479075,104733000,8850022264
"16-02-2018",0.451796,0.458327,0.441777,0.455446,53289200,8481271566
"15-02-2018",0.452048,0.463623,0.44426,0.453556,106142000,8296895422
"14-02-2018",0.409872,0.457474,0.402079,0.453888,192628992,8296898617
"13-02-2018",0.396419,0.435547,0.374388,0.410614,196175008,7557345554
"12-02-2018",0.374181,0.40182,0.374181,0.395649,61140000,7372906517
"11-02-2018",0.406615,0.406615,0.357825,0.370005,85791696,6819930702
"10-02-2018",0.39844,0.45392,0.384953,0.406856,227551008,7557210176
"09-02-2018",0.360711,0.402324,0.348872,0.401068,144231008,7372878817
"08-02-2018",0.34493,0.373893,0.34493,0.363565,121448000,6635581233
"07-02-2018",0.368956,0.380924,0.337244,0.342125,188328000,6266930606
"06-02-2018",0.336738,0.374247,0.266352,0.370811,518084992,6819853742
"05-02-2018",0.383191,0.42534,0.312975,0.331192,339507008,6083953919
"04-02-2018",0.42597,0.467492,0.366818,0.377231,231808000,7005764340
"03-02-2018",0.40595,0.478678,0.345184,0.430056,282348992,7925431545
"02-02-2018",0.455087,0.455087,0.285878,0.405075,396784000,7556805018
"01-02-2018",0.540834,0.54297,0.42968,0.456455,172407008,8478365341
"31-01-2018",0.488731,0.555212,0.44052,0.539797,288692992,9952108612
"30-01-2018",0.590831,0.590831,0.475736,0.489648,178892992,8755655846
"29-01-2018",0.632602,0.632602,0.583512,0.589283,118507000,10542270434
"28-01-2018",0.615916,0.640046,0.615448,0.634421,194610000,11256890074
"27-01-2018",0.631495,0.63945,0.610086,0.613061,216912992,10899516712
"26-01-2018",0.602163,0.64578,0.553197,0.633916,787644032,11256864465
"25-01-2018",0.567863,0.649971,0.556165,0.608253,627336000,10899474774
"24-01-2018",0.486517,0.589589,0.473565,0.567014,669318976,10184735110
"23-01-2018",0.475039,0.518281,0.434858,0.486185,207031008,8755273687
"22-01-2018",0.465901,0.529766,0.432834,0.486338,442542016,8755165641
"21-01-2018",0.534347,0.534347,0.445113,0.464117,161687008,8230564136
"20-01-2018",0.50995,0.547453,0.502153,0.534677,204012992,9483016695
"19-01-2018",0.503367,0.535594,0.481281,0.506232,207275008,9124379680
"18-01-2018",0.479522,0.57007,0.453596,0.509523,472047008,9124351018
"17-01-2018",0.441944,0.503706,0.305034,0.477187,486788992,8587595327
"16-01-2018",0.600117,0.600117,0.323407,0.441197,466139008,7871939723
"15-01-2018",0.625504,0.670579,0.599138,0.599271,345561984,10734346294
"14-01-2018",0.672198,0.672198,0.582819,0.630856,116460000,11271010342
"13-01-2018",0.681853,0.721316,0.643237,0.671564,189183008,11986572058
"12-01-2018",0.558864,0.71544,0.534755,0.67796,394376000,12165301868
"11-01-2018",0.56369,0.613405,0.437407,0.558126,330878016,10018391351
"10-01-2018",0.588565,0.588565,0.483044,0.56693,249019008,10197239811
"09-01-2018",0.628026,0.649552,0.568159,0.585653,208330000,10549274448
"08-01-2018",0.695952,0.695952,0.555769,0.629323,249426000,11264363005
"07-01-2018",0.70973,0.744735,0.66108,0.699645,347556992,12514501166
"06-01-2018",0.66306,0.788507,0.6143,0.709945,440182016,12693243899
"05-01-2018",0.739457,0.791967,0.577509,0.662712,727409024,11799341274
"04-01-2018",0.892399,0.938144,0.677496,0.72405,892268032,12871608554
"03-01-2018",0.56272,0.919994,0.562572,0.896227,1513270016,16089493862
"02-01-2018",0.496876,0.593645,0.472748,0.564766,676667008,10011193529
"01-01-2018",0.360422,0.523593,0.360422,0.480008,669372032,8572307168
"31-12-2017",0.317846,0.364302,0.307454,0.360756,183768000,6429227730
"30-12-2017",0.316473,0.39038,0.289056,0.323202,537916032,5714868709
"29-12-2017",0.223778,0.33576,0.22268,0.322941,387880000,5714874341
"28-12-2017",0.227821,0.228361,0.200481,0.223544,75925400,3928977386
"27-12-2017",0.226261,0.233267,0.216719,0.229224,78509400,4107567117
"26-12-2017",0.228649,0.232918,0.210969,0.226018,96759296,4107567543
"25-12-2017",0.226538,0.234519,0.212722,0.228511,71737296,4107530783
"24-12-2017",0.236793,0.237185,0.198229,0.22445,71071600,3928942774
"23-12-2017",0.220812,0.263453,0.213736,0.234179,116122000,4107531082
"22-12-2017",0.258506,0.276193,0.161494,0.216717,229459008,3928945282
"21-12-2017",0.252894,0.280786,0.240672,0.2572,199122000,4643282641
"20-12-2017",0.264813,0.265206,0.21369,0.252386,250599008,4464676698
"19-12-2017",0.276017,0.300504,0.245986,0.26431,212548992,4643255939
"18-12-2017",0.273167,0.278075,0.257238,0.276283,201720992,4998748721
"17-12-2017",0.234672,0.300678,0.227982,0.266621,423360992,4820211451
"16-12-2017",0.196077,0.236646,0.190341,0.232125,234172992,4106103291
"15-12-2017",0.198565,0.204663,0.163988,0.195862,260228992,3570518701
"14-12-2017",0.148829,0.209779,0.147458,0.188907,281635008,3391929021
"13-12-2017",0.154966,0.162841,0.14041,0.149342,107122000,2677800661
"12-12-2017",0.143231,0.162208,0.136176,0.156444,135847008,2854921626
"11-12-2017",0.118252,0.151842,0.117751,0.144956,117548000,2497455084
"10-12-2017",0.138053,0.138053,0.103975,0.119263,91047600,2140478867
"09-12-2017",0.140346,0.147715,0.124521,0.135122,102117000,2497179494
"08-12-2017",0.137887,0.145762,0.120002,0.13726,188452000,2497138054
"07-12-2017",0.153297,0.177148,0.131568,0.133046,312352992,2318761886
"06-12-2017",0.121563,0.167933,0.111746,0.151622,384659008,2675494482
"05-12-2017",0.09724,0.127591,0.093964,0.123523,152740992,2136218167
"04-12-2017",0.089487,0.09761,0.087554,0.09761,37476600,1776289436
"03-12-2017",0.093531,0.096906,0.08684,0.089035,55809800,1598660358
"02-12-2017",0.090184,0.098519,0.089947,0.093816,82791104,1598660178
"01-12-2017",0.072181,0.091459,0.071534,0.089883,102074000,1598659638
"30-11-2017",0.065554,0.078906,0.063939,0.072871,66684900,1243402185
"29-11-2017",0.081939,0.099881,0.060393,0.064424,232135008,1065773242
"28-11-2017",0.056877,0.084987,0.056486,0.081415,142588992,1419230629
"27-11-2017",0.048866,0.062059,0.048501,0.059843,45702000,1062831239
"26-11-2017",0.043762,0.049111,0.043762,0.048896,30583700,885692699
"25-11-2017",0.04028,0.043943,0.04004,0.043639,10488700,708554000
"24-11-2017",0.040437,0.041181,0.038939,0.040193,11277900,708554000
"23-11-2017",0.042674,0.044142,0.040149,0.040535,22012000,708553960
"22-11-2017",0.037669,0.042299,0.037566,0.042299,13859400,708551700
"21-11-2017",0.038127,0.03906,0.036212,0.037668,9113270,708551880
"20-11-2017",0.036619,0.039783,0.036174,0.038121,13726200,708546792
"19-11-2017",0.036482,0.039945,0.036039,0.036566,17796700,708607176
"18-11-2017",0.035494,0.036583,0.034652,0.036583,6979350,708607156
"17-11-2017",0.037144,0.037293,0.034894,0.035572,11612900,708607136
"16-11-2017",0.036987,0.037897,0.034634,0.037234,20597200,708607036
"15-11-2017",0.036471,0.037343,0.03468,0.037053,28206500,708606916
"14-11-2017",0.030609,0.037129,0.030382,0.036374,18880900,663540189
"13-11-2017",0.028115,0.031968,0.028041,0.030656,11245700,497650892
"12-11-2017",0.032965,0.033334,0.027469,0.028182,17002300,497650562
"11-11-2017",0.033083,0.035829,0.031881,0.033053,17914400,497650547
"10-11-2017",0.039833,0.039833,0.031366,0.033073,32634200,497650547
"09-11-2017",0.033792,0.04038,0.033744,0.039946,32813200,663534063
"08-11-2017",0.030657,0.035266,0.02916,0.033763,39618700,497650502
"07-11-2017",0.028874,0.032871,0.028874,0.030699,30855800,497650472
"06-11-2017",0.026694,0.029117,0.026422,0.02888,12830800,497646524
"05-11-2017",0.027244,0.027869,0.026324,0.026765,8898200,497646464
"04-11-2017",0.027829,0.02866,0.026961,0.027294,10822300,497646434
"03-11-2017",0.027498,0.028573,0.02554,0.027779,18470900,497646434
"02-11-2017",0.027025,0.028644,0.023969,0.027607,34417400,497646434
"01-11-2017",0.029387,0.030124,0.027213,0.027353,14361700,497646419
"31-10-2017",0.031606,0.031815,0.028622,0.029182,16918000,497643914
"30-10-2017",0.030731,0.032085,0.029874,0.031804,14186100,497638309
"29-10-2017",0.031104,0.033388,0.029866,0.030331,22646700,497638114
"28-10-2017",0.034284,0.034615,0.030938,0.031038,8887170,497638114
"27-10-2017",0.03468,0.035061,0.033246,0.034236,15974900,497638129
"26-10-2017",0.035246,0.037127,0.034463,0.034546,23633200,497638099
"25-10-2017",0.036433,0.037877,0.034006,0.035004,35434500,663517426
"24-10-2017",0.034466,0.042909,0.033463,0.036649,73178896,663517646
"23-10-2017",0.031206,0.036949,0.030019,0.033832,43494400,497634370
"22-10-2017",0.036487,0.037668,0.030483,0.031269,56070400,497634430
"21-10-2017",0.027343,0.038015,0.02425,0.036429,60801200,663512573
"20-10-2017",0.031246,0.032652,0.025472,0.026757,35088200,497634430
"19-10-2017",0.035176,0.035356,0.029638,0.031195,41683000,497634400
"18-10-2017",0.04581,0.04593,0.033016,0.035133,66483500,663512493
"17-10-2017",0.036511,0.0467,0.035483,0.045842,146372000,829390592
"16-10-2017",0.018929,0.049123,0.018683,0.036865,291627008,663505979
"15-10-2017",0.017291,0.019049,0.016837,0.018925,9059430,331752930
"14-10-2017",0.018017,0.019165,0.017522,0.017522,5671720,331752870
"13-10-2017",0.01765,0.018663,0.017365,0.01796,10486000,331752860
"12-10-2017",0.019498,0.019869,0.017362,0.017784,14626800,331752860
"11-10-2017",0.01887,0.020072,0.018239,0.01945,12189100,331752860
"10-10-2017",0.01744,0.018953,0.016589,0.018953,11082800,331752870
"09-10-2017",0.0188,0.022022,0.016326,0.017601,29343800,331750334
"08-10-2017",0.020691,0.022042,0.018229,0.018598,23922100,331750314
"07-10-2017",0.018443,0.024591,0.018443,0.020959,56853100,331750304
"06-10-2017",0.014657,0.019194,0.014657,0.018403,24002100,331750294
"05-10-2017",0.011881,0.015283,0.011736,0.014576,9616220,165875232
"04-10-2017",0.012469,0.012537,0.011573,0.011851,1670080,165875232
"03-10-2017",0.012947,0.012947,0.011327,0.012404,2577540,165875227
"02-10-2017",0.013697,0.013734,0.012638,0.012962,2362700,165873818
"01-10-2017",0.013813,0.013864,0.013383,0.013688,1534340,165873813
"30-09-2017",0.013162,0.013945,0.013141,0.013858,1668730,165873813
"29-09-2017",0.013816,0.013877,0.012906,0.013204,1967140,165873798
"28-09-2017",0.014316,0.014562,0.013549,0.013863,2978100,165873753
"27-09-2017",0.012299,0.014896,0.012299,0.014378,5645900,165873543
"26-09-2017",0.012077,0.012537,0.011929,0.012388,2222670,165873493
"25-09-2017",0.011551,0.012454,0.011427,0.012073,2426680,165872235
"24-09-2017",0.011915,0.012024,0.011394,0.011563,1065700,165872215
"23-09-2017",0.010755,0.011897,0.01065,0.011896,2032830,165872215
"22-09-2017",0.010699,0.01115,0.01036,0.010776,1825510,165872235
"21-09-2017",0.012104,0.012163,0.010523,0.0106,2524650,165872235
"20-09-2017",0.011781,0.012598,0.011244,0.012236,2522500,165872235
"19-09-2017",0.013453,0.013505,0.011414,0.011795,3583140,165872235
"18-09-2017",0.011173,0.013639,0.011173,0.013455,4635400,165871044
"17-09-2017",0.01171,0.01171,0.01018,0.011211,2253630,165871039
"16-09-2017",0.012047,0.012474,0.010492,0.011699,3639010,165871039
"15-09-2017",0.011129,0.012571,0.006892,0.012097,11877600,165871044
"14-09-2017",0.015355,0.01555,0.011038,0.011038,4609450,165870999
"13-09-2017",0.016198,0.016301,0.014656,0.015328,2671500,331742008
"12-09-2017",0.017014,0.017677,0.016036,0.016324,3189200,331742008
"11-09-2017",0.016276,0.017649,0.015954,0.016993,3903590,331739809
"10-09-2017",0.017109,0.017193,0.015628,0.016269,3452690,331739799
"09-09-2017",0.017521,0.017739,0.01658,0.017095,2461230,331739799
"08-09-2017",0.020058,0.020346,0.016905,0.017447,5110680,331739799
"07-09-2017",0.020353,0.020655,0.019433,0.020096,3784650,331739769
"06-09-2017",0.01858,0.020887,0.01858,0.020346,4741770,331739769
"05-09-2017",0.017857,0.019062,0.01598,0.018567,5204660,331739749
"04-09-2017",0.02131,0.021339,0.01669,0.017625,6341980,331737480
"03-09-2017",0.020813,0.021904,0.020297,0.021296,2524130,331737480
"02-09-2017",0.024058,0.024326,0.020413,0.020837,6551880,331737490
"01-09-2017",0.022338,0.024472,0.021455,0.023954,8806440,331737500
"31-08-2017",0.021194,0.022502,0.020776,0.022405,5039660,331737510
"30-08-2017",0.020056,0.02124,0.019883,0.021224,5836630,231737550
"29-08-2017",0.020497,0.020823,0.019424,0.020104,5990490,231737558
"28-08-2017",0.019862,0.021014,0.019239,0.020525,6305440,231604917
"27-08-2017",0.02112,0.021445,0.019569,0.019785,4308080,230895198
"26-08-2017",0.020325,0.021226,0.019013,0.021208,6739770,230263821
"25-08-2017",0.019036,0.020497,0.018367,0.020497,6734260,228981929
"24-08-2017",0.020465,0.021513,0.01851,0.019024,9530830,223578865
"23-08-2017",0.021459,0.023979,0.019393,0.020222,25240300,223414728
"22-08-2017",0.01966,0.021753,0.016734,0.021624,18062400,223199894
"21-08-2017",0.017669,0.020365,0.017092,0.019753,9391270,222842599
"20-08-2017",0.016481,0.018386,0.016148,0.017631,7276760,221765359
"19-08-2017",0.016862,0.017201,0.01555,0.016513,4290190,221688789
"18-08-2017",0.017326,0.017585,0.016572,0.016842,4253200,221056908
"17-08-2017",0.017715,0.018238,0.016865,0.017327,7228100,221009547
"16-08-2017",0.017377,0.018561,0.017127,0.017702,8427430,220816637
"15-08-2017",0.017605,0.018891,0.016068,0.017433,15330000,220787021
"14-08-2017",0.018313,0.01921,0.01682,0.017622,9974570,220632669
"13-08-2017",0.020234,0.020234,0.017237,0.01825,18070400,220567311
"12-08-2017",0.0214,0.022192,0.019601,0.020218,8536080,220455423
"11-08-2017",0.02194,0.022304,0.020751,0.02148,6968740,220389588
"10-08-2017",0.022993,0.02345,0.021993,0.022007,5144750,220311461
"09-08-2017",0.023813,0.024613,0.021601,0.022996,9943390,220178038
"08-08-2017",0.0223,0.023737,0.021703,0.023737,8748670,220015853
"07-08-2017",0.022697,0.02305,0.021222,0.022195,10141400,219246149
"06-08-2017",0.023835,0.024723,0.022618,0.022701,11789300,219140045
"05-08-2017",0.0228,0.026538,0.021051,0.023984,28582700,219041121
"04-08-2017",0.018846,0.022411,0.018597,0.022241,14348900,218969145
"03-08-2017",0.018313,0.018981,0.018207,0.01886,3565840,218915771
"02-08-2017",0.017906,0.019188,0.017527,0.018413,8405370,216790232
"01-08-2017",0.016102,0.017955,0.015866,0.017933,7577370,216560068
"31-07-2017",0.015894,0.016462,0.015192,0.016095,4522640,216473678
"30-07-2017",0.017492,0.017492,0.015922,0.015984,3890430,215728834
"29-07-2017",0.01693,0.017447,0.015495,0.017447,4313590,215638809
"28-07-2017",0.01842,0.018677,0.016448,0.016961,8881060,215595176
"27-07-2017",0.018937,0.019232,0.018075,0.018322,4931040,215494603
"26-07-2017",0.018577,0.019694,0.017651,0.018878,7069110,215444803
"25-07-2017",0.022616,0.022909,0.017189,0.018551,11337500,215391134
"24-07-2017",0.021672,0.02282,0.020864,0.022605,6419140,215168634
"23-07-2017",0.022909,0.023715,0.020321,0.021769,10264600,215085735
"22-07-2017",0.019178,0.02354,0.019144,0.022877,16277000,215016757
"21-07-2017",0.018994,0.020628,0.018685,0.019201,9737820,214972943
"20-07-2017",0.017338,0.020398,0.017338,0.018859,11307300,214751897
"19-07-2017",0.018771,0.019916,0.0171,0.017256,6628620,214710430
"18-07-2017",0.018731,0.020158,0.01781,0.018666,9243940,214334918
"17-07-2017",0.015511,0.018935,0.015511,0.018614,11344300,214144298
"16-07-2017",0.017577,0.018951,0.013772,0.015654,23584100,213633512
"15-07-2017",0.016244,0.018272,0.015029,0.017618,20287200,213560767
"14-07-2017",0.017373,0.017373,0.014969,0.016321,12282200,213506173
"13-07-2017",0.018142,0.020118,0.015719,0.017351,28951100,213289275
"12-07-2017",0.014322,0.017907,0.012816,0.017907,16361500,212914636
"11-07-2017",0.014858,0.015647,0.012365,0.014518,17042700,106107805
"10-07-2017",0.019547,0.019955,0.01397,0.015137,10800400,211834515
"09-07-2017",0.021628,0.022491,0.019499,0.019499,4104420,211340263
"08-07-2017",0.020423,0.021862,0.017816,0.021597,10411800,211092971
"07-07-2017",0.025482,0.025512,0.01998,0.020415,8666130,210895250
"06-07-2017",0.025502,0.02619,0.025194,0.025418,3682330,313712159
"05-07-2017",0.025681,0.025858,0.024795,0.025441,3517740,313509078
"04-07-2017",0.026169,0.02791,0.025646,0.02575,6393470,312598129
"03-07-2017",0.025696,0.026887,0.024591,0.026266,7572990,312330918
"02-07-2017",0.024477,0.025827,0.022372,0.025706,11857600,311166691
"01-07-2017",0.026959,0.028074,0.023388,0.024466,9301920,207178160
"30-06-2017",0.029028,0.029625,0.026834,0.026988,7756010,309236859
"29-06-2017",0.031839,0.032263,0.028674,0.029039,10598500,306199403
"28-06-2017",0.029205,0.033615,0.028027,0.031998,17106400,305059346
"27-06-2017",0.030218,0.031348,0.024228,0.029113,16402100,299492445
"26-06-2017",0.033454,0.035432,0.025687,0.030218,16853100,292459489
"25-06-2017",0.038099,0.038483,0.031113,0.033373,14106200,292456394
"24-06-2017",0.040449,0.041339,0.038154,0.03821,6225160,389941738
"23-06-2017",0.038643,0.041846,0.038487,0.041397,7804070,389941558
"22-06-2017",0.038317,0.03965,0.037502,0.03872,7197940,389941338
"21-06-2017",0.039372,0.039702,0.037121,0.038124,8606140,389941078
"20-06-2017",0.040357,0.043331,0.038141,0.039366,22146100,389940818
"19-06-2017",0.03831,0.041273,0.038182,0.040252,10118500,389940718
"18-06-2017",0.039137,0.039217,0.037875,0.038332,6462560,386604377
"17-06-2017",0.037526,0.039631,0.036814,0.039251,9302020,386604177
"16-06-2017",0.037467,0.038287,0.035686,0.037536,7608740,386603517
"15-06-2017",0.039994,0.039994,0.032046,0.037439,13021600,386603237
"14-06-2017",0.041905,0.044759,0.037485,0.039828,16478300,386602817
"13-06-2017",0.039688,0.043096,0.039382,0.04186,14126100,386602477
"12-06-2017",0.045825,0.047296,0.037441,0.039988,14843000,386600497
"11-06-2017",0.042751,0.046864,0.041732,0.045915,18273600,483250371
"10-06-2017",0.047365,0.047856,0.042224,0.042866,22225600,386597978
"09-06-2017",0.05033,0.052061,0.046599,0.047356,27987400,483246447
"08-06-2017",0.046835,0.056739,0.045391,0.05042,69077400,483249422
"07-06-2017",0.045483,0.053941,0.045153,0.047098,50180500,483254282
"06-06-2017",0.041515,0.046595,0.039044,0.045407,27300600,483252432
"05-06-2017",0.039833,0.04313,0.039588,0.041507,16897100,386600546
"04-06-2017",0.038989,0.040565,0.036989,0.039989,11654400,386599206
"03-06-2017",0.040042,0.041036,0.037445,0.039294,14987500,386596493
"02-06-2017",0.043191,0.043705,0.038478,0.040226,15282100,386594043
"01-06-2017",0.034424,0.044108,0.034346,0.043069,46517700,386592395
"31-05-2017",0.0308,0.035262,0.029765,0.034273,20809500,289923625
"30-05-2017",0.036753,0.038143,0.030931,0.031009,15039500,289912588
"29-05-2017",0.035289,0.038677,0.033736,0.037044,14856200,386547284
"28-05-2017",0.033198,0.039951,0.030864,0.035364,22760700,386546258
"27-05-2017",0.040732,0.043088,0.023228,0.033024,34650400,288752111
"26-05-2017",0.039485,0.052619,0.036826,0.041065,29999000,385002044
"25-05-2017",0.050931,0.05121,0.039599,0.040021,38523600,385004384
"24-05-2017",0.055403,0.058619,0.0489,0.051364,33639600,481260154
"23-05-2017",0.051216,0.057882,0.050558,0.0555,27316000,577506062
"22-05-2017",0.062549,0.06491,0.046861,0.051003,51927100,481248867
"21-05-2017",0.053996,0.067443,0.052949,0.060843,68217904,577492675
"20-05-2017",0.049562,0.054898,0.049562,0.053888,28521900,478238968
"19-05-2017",0.046302,0.055402,0.045009,0.049576,43101100,478238288
"18-05-2017",0.048089,0.048857,0.042866,0.04627,32403600,477972243
"17-05-2017",0.049946,0.054295,0.039446,0.048568,62153000,477910339
"16-05-2017",0.043404,0.05166,0.043404,0.049368,88963696,477868439
"15-05-2017",0.038589,0.043638,0.037598,0.043552,45247300,382293945
"14-05-2017",0.037482,0.041151,0.03652,0.038648,24580000,381593337
"13-05-2017",0.039963,0.041415,0.031632,0.037586,38550000,381592517
"12-05-2017",0.037228,0.046143,0.036248,0.040706,82480400,381590763
"11-05-2017",0.031073,0.043411,0.026957,0.036203,78875504,381588606
"10-05-2017",0.028423,0.036855,0.027191,0.031376,56635600,286186876
"09-05-2017",0.039671,0.04318,0.022391,0.027647,102791000,286183893
"08-05-2017",0.043297,0.054733,0.031139,0.03988,235720992,381573191
"07-05-2017",0.021414,0.062327,0.018637,0.043984,280844992,372690620
"06-05-2017",0.010784,0.022215,0.010784,0.021343,106770000,186345310
"05-05-2017",0.006623,0.013567,0.006564,0.010877,61331300,93172655
"04-05-2017",0.005198,0.00696,0.005174,0.006628,9005050,93172655
"03-05-2017",0.004816,0.005252,0.004525,0.005197,3243780,93172655
"02-05-2017",0.005153,0.005373,0.004428,0.004834,3915940,""
"01-05-2017",0.004835,0.005805,0.004654,0.005138,6020040,93172655
"30-04-2017",0.004975,0.005379,0.004785,0.00484,4071450,""
"29-04-2017",0.004532,0.005105,0.004427,0.004971,3841410,""
"28-04-2017",0.003971,0.004633,0.003965,0.004551,3809910,""
"27-04-2017",0.003839,0.003982,0.003825,0.00397,1146270,""
"26-04-2017",0.003805,0.00407,0.003749,0.003835,1690360,""
"25-04-2017",0.003849,0.003887,0.003761,0.003808,964780,""
"24-04-2017",0.003521,0.003959,0.003503,0.00384,1869950,""
"23-04-2017",0.003484,0.003534,0.003443,0.003506,455599,""
"22-04-2017",0.003465,0.003553,0.003465,0.003506,562394,""
"21-04-2017",0.003365,0.003496,0.003319,0.003466,832714,""
"20-04-2017",0.003554,0.003692,0.003274,0.003368,1480220,""
"19-04-2017",0.00373,0.003746,0.003514,0.003574,1247360,""
"18-04-2017",0.003582,0.003718,0.003398,0.003706,1311170,""
"17-04-2017",0.003757,0.003799,0.003432,0.003555,2006350,""
"16-04-2017",0.003389,0.003892,0.003313,0.003737,2437240,""
"15-04-2017",0.003129,0.003387,0.003065,0.003385,997774,""
"14-04-2017",0.003077,0.003266,0.003004,0.003128,1618350,""
"13-04-2017",0.003021,0.003099,0.002976,0.00306,940308,""
"12-04-2017",0.002768,0.003166,0.002766,0.003036,1672850,""
"11-04-2017",0.002808,0.00282,0.002743,0.002782,464053,""
"10-04-2017",0.002752,0.002826,0.002671,0.002788,584656,""
"09-04-2017",0.00291,0.002939,0.002701,0.002745,1153510,""
"08-04-2017",0.002746,0.003078,0.002724,0.00292,1112600,""
"07-04-2017",0.002808,0.002945,0.002646,0.002767,2167870,""
"06-04-2017",0.00314,0.00339,0.002754,0.002824,1977700,""
"05-04-2017",0.003006,0.003481,0.002945,0.003131,2314330,""
"04-04-2017",0.003152,0.003338,0.002826,0.003046,2078250,""
"03-04-2017",0.004118,0.004982,0.002914,0.003124,7365010,""
"02-04-2017",0.002607,0.004285,0.002513,0.004183,9856240,""
"01-04-2017",0.002349,0.00271,0.00232,0.002631,1708130,""
"31-03-2017",0.00227,0.002741,0.002169,0.002356,3674930,""
"30-03-2017",0.002022,0.002375,0.001983,0.002302,1959610,""
"29-03-2017",0.002056,0.002108,0.001907,0.001973,653952,""
"28-03-2017",0.001899,0.002052,0.001899,0.002043,570028,""
"27-03-2017",0.002035,0.00211,0.001851,0.001892,736513,""
"26-03-2017",0.002009,0.002156,0.001959,0.002018,632107,""
"25-03-2017",0.002112,0.002168,0.001994,0.002016,600309,""
"24-03-2017",0.002291,0.002419,0.002091,0.002108,1801530,""
"23-03-2017",0.001984,0.002251,0.001981,0.002251,618716,""
"22-03-2017",0.002186,0.002194,0.001944,0.001983,432155,""
"21-03-2017",0.00198,0.002229,0.001933,0.002187,619468,""
"20-03-2017",0.00192,0.002,0.001915,0.001995,370907,""
"19-03-2017",0.001875,0.002024,0.001843,0.001916,433766,""
"18-03-2017",0.00196,0.002096,0.00185,0.001877,691703,""
"17-03-2017",0.001952,0.002016,0.001895,0.001957,469909,""
"16-03-2017",0.001944,0.002,0.001861,0.00197,447895,""
"15-03-2017",0.001918,0.002026,0.001904,0.001953,482234,""
"14-03-2017",0.001965,0.001997,0.001855,0.001918,389076,""
"13-03-2017",0.001859,0.00206,0.001859,0.001965,667701,""
"12-03-2017",0.001796,0.001863,0.001796,0.001847,352712,""
"11-03-2017",0.001733,0.001823,0.001684,0.001788,393229,""
"10-03-2017",0.001784,0.00189,0.001617,0.001733,344787,""
"09-03-2017",0.001843,0.001893,0.001732,0.00179,186214,""
"08-03-2017",0.002007,0.002096,0.001803,0.001835,310617,""
"07-03-2017",0.001987,0.002045,0.001861,0.002011,434802,""
"06-03-2017",0.001732,0.001876,0.00173,0.001876,192854,""
"05-03-2017",0.001745,0.001782,0.001726,0.001738,105342,""
"04-03-2017",0.001775,0.001839,0.001743,0.001753,104298,""
"03-03-2017",0.001786,0.00186,0.001763,0.001763,242064,""
"02-03-2017",0.001731,0.001895,0.001707,0.001787,443801,""
"01-03-2017",0.001842,0.001872,0.001628,0.001724,263991,""
"28-02-2017",0.001776,0.001863,0.00177,0.001843,73171,""
"27-02-2017",0.00188,0.001912,0.001774,0.001774,99411,""
"26-02-2017",0.00188,0.001904,0.001786,0.001875,149964,""
"25-02-2017",0.001881,0.00191,0.001824,0.001881,119102,""
"24-02-2017",0.00193,0.002013,0.001834,0.001885,186269,""
"23-02-2017",0.00202,0.002029,0.001925,0.001927,131865,""
"22-02-2017",0.002008,0.002068,0.001946,0.002008,162748,""
"21-02-2017",0.002045,0.0021,0.001991,0.001997,149743,""
"20-02-2017",0.002021,0.002055,0.001999,0.002052,62491,""
"19-02-2017",0.002022,0.002081,0.002004,0.002014,65984,""
"18-02-2017",0.002093,0.002123,0.001991,0.002021,127180,""
"17-02-2017",0.002136,0.002174,0.002093,0.002093,79792,""
"16-02-2017",0.002205,0.002236,0.002131,0.002139,112630,""
"15-02-2017",0.002102,0.002241,0.002071,0.002224,163475,""
"14-02-2017",0.002069,0.002124,0.002063,0.00209,63693,""
"13-02-2017",0.002089,0.002149,0.002052,0.002067,70642,""
"12-02-2017",0.00211,0.002155,0.002068,0.00209,64662,""
"11-02-2017",0.002141,0.002179,0.002089,0.002111,63281,""
"10-02-2017",0.002157,0.002175,0.002063,0.002141,98448,""
"09-02-2017",0.002244,0.00232,0.002088,0.002155,132588,""
"08-02-2017",0.002321,0.002362,0.002235,0.002235,135615,""
"07-02-2017",0.002372,0.00241,0.002306,0.002319,112816,""
"06-02-2017",0.002351,0.002418,0.002343,0.002369,61960,""
"05-02-2017",0.002397,0.002422,0.00233,0.002344,82642,""
"04-02-2017",0.002403,0.002467,0.002369,0.002391,64988,""
"03-02-2017",0.002426,0.002464,0.002367,0.002399,63775,""
"02-02-2017",0.002362,0.002488,0.00233,0.00242,82584,""
"01-02-2017",0.002354,0.002414,0.002303,0.002357,60079,""
"31-01-2017",0.002457,0.002459,0.002264,0.002371,154049,""
"30-01-2017",0.002225,0.002538,0.002222,0.002458,168268,""
"29-01-2017",0.002192,0.002243,0.002192,0.002225,31416,""
"28-01-2017",0.002203,0.002265,0.002191,0.002192,63589,""
"27-01-2017",0.002254,0.002254,0.002159,0.002196,106139,""
"26-01-2017",0.002157,0.002233,0.002119,0.002197,68879,""
"25-01-2017",0.002234,0.002251,0.002146,0.002157,95889,""
"24-01-2017",0.002336,0.002336,0.002233,0.002234,64052,""
"23-01-2017",0.002323,0.002387,0.002279,0.002332,84697,""
"22-01-2017",0.002295,0.002428,0.002291,0.002336,60392,""
"21-01-2017",0.002371,0.002411,0.002301,0.002301,71722,""
"20-01-2017",0.002348,0.002528,0.002343,0.002357,123512,""
"19-01-2017",0.00249,0.002526,0.002265,0.002349,136244,""
"18-01-2017",0.002546,0.002588,0.002298,0.002481,133001,""
"17-01-2017",0.00238,0.002558,0.00237,0.002545,52442,""
"16-01-2017",0.002441,0.002483,0.002334,0.00238,49556,""
"15-01-2017",0.002458,0.002492,0.002377,0.002441,50895,""
"14-01-2017",0.002378,0.002488,0.002358,0.002472,65155,""
"13-01-2017",0.002459,0.00249,0.002316,0.002398,88948,""
"12-01-2017",0.00208,0.002512,0.002047,0.002475,196679,""
"11-01-2017",0.002355,0.002381,0.002059,0.002089,168734,""
"10-01-2017",0.002346,0.002378,0.002323,0.002355,24044,""
"09-01-2017",0.002357,0.002381,0.002309,0.002347,36858,""
"08-01-2017",0.002396,0.002436,0.002332,0.002355,26202,""
"07-01-2017",0.002497,0.002512,0.002264,0.002396,74459,""
"06-01-2017",0.002606,0.002671,0.002296,0.002494,121804,""
"05-01-2017",0.002737,0.002826,0.002387,0.002598,208399,""
"04-01-2017",0.002553,0.002787,0.002541,0.002735,85385,""
"03-01-2017",0.002499,0.002561,0.002449,0.002554,39944,""
"02-01-2017",0.002475,0.002537,0.002425,0.002477,46380,""
"01-01-2017",0.002464,0.002575,0.002432,0.002481,39325,""
"31-12-2016",0.002545,0.002545,0.002426,0.002469,43346,""
"30-12-2016",0.002559,0.00258,0.002479,0.002544,55768,""
"29-12-2016",0.00251,0.002603,0.002309,0.002559,144014,""
"28-12-2016",0.002552,0.002553,0.002406,0.002509,66923,""
"27-12-2016",0.002658,0.002747,0.002432,0.002543,126849,""
"26-12-2016",0.002578,0.002696,0.002569,0.002657,23143,""
"25-12-2016",0.002692,0.00272,0.002559,0.002578,29175,""
"24-12-2016",0.002579,0.00276,0.002564,0.002691,53322,""
"23-12-2016",0.002757,0.002857,0.002477,0.002646,176957,""
"22-12-2016",0.002824,0.002873,0.002446,0.002751,195628,""
"21-12-2016",0.002842,0.002947,0.002765,0.00281,123212,""
"20-12-2016",0.002867,0.00304,0.002835,0.002836,130279,""
"19-12-2016",0.002901,0.002937,0.002785,0.002868,125139,""
"18-12-2016",0.002772,0.002958,0.002759,0.0029,142791,""
"17-12-2016",0.003129,0.003139,0.002749,0.002772,350471,""
"16-12-2016",0.002821,0.003149,0.002752,0.003123,1241390,""
"15-12-2016",0.002151,0.003013,0.0021,0.002802,673328,""
"14-12-2016",0.002163,0.002217,0.002104,0.00215,83790,""
"13-12-2016",0.002265,0.002301,0.002088,0.002158,207838,""
"12-12-2016",0.002353,0.002418,0.002214,0.002272,230324,""
"11-12-2016",0.002204,0.002418,0.002136,0.002353,306783,""
"10-12-2016",0.002587,0.002587,0.002199,0.002233,481548,""
"09-12-2016",0.002444,0.002615,0.002327,0.002545,519467,""
"08-12-2016",0.002749,0.00291,0.00231,0.002421,1531460,""
"07-12-2016",0.002653,0.003141,0.001993,0.002767,2369690,""
"06-12-2016",0.001542,0.002824,0.001458,0.002666,856036,""
"05-12-2016",0.001532,0.001557,0.001512,0.001542,17747,""
"04-12-2016",0.001592,0.001597,0.001532,0.001532,8556,""
"03-12-2016",0.001529,0.001606,0.001513,0.001592,29495,""
"02-12-2016",0.00162,0.001621,0.001487,0.001529,29715,""
"01-12-2016",0.001629,0.001672,0.001543,0.001619,60747,""
"30-11-2016",0.001666,0.001688,0.001613,0.001629,15505,""
"29-11-2016",0.001655,0.001691,0.001636,0.001667,9853,""
"28-11-2016",0.001665,0.001694,0.001653,0.001655,13301,""
"27-11-2016",0.001649,0.001688,0.001642,0.001665,7384,""
"26-11-2016",0.001717,0.001717,0.001605,0.001649,31598,""
"25-11-2016",0.001691,0.001729,0.001672,0.001722,13354,""
"24-11-2016",0.001733,0.001741,0.001687,0.001691,35768,""
"23-11-2016",0.001727,0.001753,0.001719,0.001733,21588,""
"22-11-2016",0.001755,0.001797,0.001712,0.001735,32403,""
"21-11-2016",0.00176,0.001798,0.001745,0.001755,4925,""
"20-11-2016",0.001797,0.001806,0.001753,0.00176,17977,""
"19-11-2016",0.001806,0.001829,0.001756,0.001796,9237,""
"18-11-2016",0.001812,0.001832,0.001757,0.001807,21364,""
"17-11-2016",0.001775,0.00186,0.001734,0.00182,74554,""
"16-11-2016",0.001852,0.001868,0.001756,0.001772,43749,""
"15-11-2016",0.001883,0.001884,0.001814,0.001853,26787,""
"14-11-2016",0.001895,0.001915,0.001867,0.00188,32401,""
"13-11-2016",0.001899,0.001931,0.001878,0.001896,30930,""
"12-11-2016",0.001913,0.001924,0.001876,0.001899,24842,""
"11-11-2016",0.001948,0.001992,0.001897,0.001913,38438,""
"10-11-2016",0.001968,0.002003,0.001928,0.001948,36825,""
"09-11-2016",0.001994,0.002014,0.001938,0.001968,44284,""
"08-11-2016",0.002013,0.002029,0.001965,0.001986,30553,""
"07-11-2016",0.001969,0.002029,0.001924,0.002013,34635,""
"06-11-2016",0.002021,0.002058,0.001867,0.001959,58461,""
"05-11-2016",0.002003,0.002032,0.00198,0.002021,11174,""
"04-11-2016",0.001991,0.002027,0.001959,0.001999,18107,""
"03-11-2016",0.002014,0.002072,0.001963,0.001994,54324,""
"02-11-2016",0.001977,0.002069,0.001952,0.002023,43064,""
"01-11-2016",0.002088,0.002088,0.001929,0.001976,39128,""
"31-10-2016",0.002119,0.002167,0.001986,0.002088,88239,""
"30-10-2016",0.001964,0.00214,0.001932,0.002127,80875,""
"29-10-2016",0.002095,0.002137,0.001882,0.001957,201667,""
"28-10-2016",0.002145,0.002222,0.002058,0.002095,64020,""
"27-10-2016",0.002337,0.002364,0.002097,0.002176,159436,""
"26-10-2016",0.002358,0.00238,0.002273,0.002338,53832,""
"25-10-2016",0.002471,0.002478,0.002334,0.002357,68368,""
"24-10-2016",0.002439,0.002504,0.002416,0.002471,48913,""
"23-10-2016",0.002409,0.002464,0.002376,0.002438,23756,""
"22-10-2016",0.00247,0.002521,0.002353,0.002407,80103,""
"21-10-2016",0.002668,0.002703,0.002399,0.002476,184807,""
"20-10-2016",0.002336,0.002708,0.002336,0.00267,245923,""
"19-10-2016",0.002388,0.002411,0.002257,0.002339,61624,""
"18-10-2016",0.00229,0.002419,0.002284,0.002388,31261,""
"17-10-2016",0.002419,0.002434,0.00227,0.002291,58355,""
"16-10-2016",0.002437,0.002496,0.0024,0.002418,57966,""
"15-10-2016",0.002479,0.002509,0.002412,0.002439,14235,""
"14-10-2016",0.002536,0.002537,0.002377,0.002479,100389,""
"13-10-2016",0.002637,0.002662,0.002482,0.002539,52851,""
"12-10-2016",0.002678,0.002742,0.002628,0.002637,76408,""
"11-10-2016",0.002467,0.003094,0.002361,0.002679,429422,""
"10-10-2016",0.00238,0.002559,0.002298,0.002466,119501,""
"09-10-2016",0.002317,0.002432,0.00224,0.002376,167282,""
"08-10-2016",0.002386,0.002388,0.002283,0.002317,36449,""
"07-10-2016",0.002306,0.002438,0.00227,0.002374,72283,""
"06-10-2016",0.002497,0.00253,0.002282,0.002306,108291,""
"05-10-2016",0.00259,0.002604,0.00242,0.002485,119902,""
"04-10-2016",0.002705,0.002758,0.002567,0.00259,100249,""
"03-10-2016",0.002872,0.002873,0.002708,0.00271,83760,""
"02-10-2016",0.002782,0.002995,0.002735,0.002867,105129,""
"01-10-2016",0.002839,0.002927,0.002706,0.002763,187694,""
"30-09-2016",0.003017,0.003054,0.002799,0.002847,320074,""
"29-09-2016",0.003136,0.003314,0.003032,0.003066,484615,""
"28-09-2016",0.002556,0.003376,0.002443,0.003149,1211050,""
"27-09-2016",0.002384,0.002601,0.002341,0.002549,136361,""
"26-09-2016",0.002459,0.002651,0.002336,0.002385,379360,""
"25-09-2016",0.002213,0.002501,0.002167,0.002454,366417,""
"24-09-2016",0.002068,0.00232,0.002062,0.002219,75069,""
"23-09-2016",0.002138,0.002141,0.002033,0.002083,47176,""
"22-09-2016",0.002085,0.002169,0.002062,0.002138,67088,""
"21-09-2016",0.002055,0.002119,0.001998,0.002085,53003,""
"20-09-2016",0.002127,0.002131,0.002,0.002052,79813,""
"19-09-2016",0.002089,0.00217,0.002068,0.002127,48729,""
"18-09-2016",0.002162,0.002168,0.002082,0.00209,57508,""
"17-09-2016",0.002082,0.002198,0.00207,0.002162,39093,""
"16-09-2016",0.002304,0.002336,0.002078,0.002082,204787,""
"15-09-2016",0.001963,0.002565,0.0019,0.002319,555936,""
"14-09-2016",0.001946,0.001977,0.001911,0.001963,13081,""
"13-09-2016",0.001941,0.001993,0.001915,0.001951,62818,""
"12-09-2016",0.001926,0.001994,0.001896,0.00194,25451,""
"11-09-2016",0.002023,0.002081,0.001946,0.001966,51896,""
"10-09-2016",0.002003,0.002231,0.001996,0.002032,173430,""
"09-09-2016",0.00193,0.002028,0.00191,0.00202,51986,""
"08-09-2016",0.001925,0.001989,0.001925,0.001931,17422,""
"07-09-2016",0.001925,0.001946,0.001901,0.001925,29307,""
"06-09-2016",0.001912,0.00194,0.0019,0.001925,14360,""
"05-09-2016",0.001942,0.001951,0.001897,0.001912,27785,""
"04-09-2016",0.001903,0.001971,0.001845,0.001934,36104,""
"03-09-2016",0.001885,0.001926,0.001846,0.001902,16975,""
"02-09-2016",0.001887,0.001913,0.001857,0.001885,15997,""
"01-09-2016",0.001906,0.00193,0.001875,0.001887,25272,""
"31-08-2016",0.00185,0.001925,0.001822,0.001906,28165,""
"30-08-2016",0.00183,0.001883,0.00182,0.00185,16263,""
"29-08-2016",0.001819,0.001877,0.001786,0.00183,29491,""
"28-08-2016",0.001861,0.001882,0.001743,0.001808,47598,""
"27-08-2016",0.001888,0.001913,0.001844,0.001862,16953,""
"26-08-2016",0.001856,0.001936,0.001854,0.001888,49643,""
"25-08-2016",0.001889,0.001892,0.001861,0.001874,10012,""
"24-08-2016",0.001878,0.001912,0.001866,0.001888,6614,""
"23-08-2016",0.001924,0.001941,0.001878,0.001878,16207,""
"22-08-2016",0.00191,0.001956,0.001899,0.001919,13561,""
"21-08-2016",0.00193,0.001954,0.0019,0.001908,17520,""
"20-08-2016",0.00197,0.001972,0.001898,0.00193,21147,""
"19-08-2016",0.001976,0.001984,0.001931,0.001963,17689,""
"18-08-2016",0.001997,0.002013,0.00196,0.001976,19780,""
"17-08-2016",0.002016,0.00202,0.001944,0.001993,26694,""
"16-08-2016",0.002022,0.002062,0.001944,0.002016,35420,""
"15-08-2016",0.001997,0.002066,0.001978,0.002019,73171,""
"14-08-2016",0.002042,0.002144,0.001957,0.002005,109736,""
"13-08-2016",0.001831,0.002114,0.00181,0.002038,224229,""
"12-08-2016",0.001889,0.001893,0.001715,0.001831,75248,""
"11-08-2016",0.00189,0.001914,0.001866,0.001889,24310,""
"10-08-2016",0.001871,0.001934,0.001861,0.001892,34674,""
"09-08-2016",0.001849,0.001892,0.001841,0.001871,24533,""
"08-08-2016",0.001887,0.00191,0.001824,0.001848,26338,""
"07-08-2016",0.001956,0.00198,0.001863,0.001888,18833,""
"06-08-2016",0.0019,0.001982,0.001879,0.001956,60717,""
"05-08-2016",0.001879,0.001956,0.001822,0.0019,69207,""
"04-08-2016",0.001801,0.001903,0.001801,0.001879,29099,""
"03-08-2016",0.001773,0.001847,0.001755,0.001804,74611,""
"02-08-2016",0.001886,0.001906,0.001693,0.001736,68214,""
"01-08-2016",0.001915,0.001956,0.001874,0.001874,44883,""
"31-07-2016",0.00194,0.001962,0.001864,0.001916,41971,""
"30-07-2016",0.002013,0.002027,0.001924,0.00194,29195,""
"29-07-2016",0.001949,0.00204,0.001939,0.002013,20761,""
"28-07-2016",0.001931,0.001986,0.001901,0.001948,26246,""
"27-07-2016",0.001938,0.002016,0.001882,0.001931,42518,""
"26-07-2016",0.002148,0.002173,0.001913,0.001939,85306,""
"25-07-2016",0.002274,0.002336,0.002092,0.002143,126331,""
"24-07-2016",0.002102,0.002297,0.001987,0.002253,365060,""
"23-07-2016",0.001829,0.002207,0.001816,0.002084,184081,""
"22-07-2016",0.00184,0.001888,0.001809,0.001824,28249,""
"21-07-2016",0.001881,0.001881,0.001813,0.001839,33817,""
"20-07-2016",0.0019,0.001913,0.001849,0.001862,29104,""
"19-07-2016",0.001985,0.001985,0.001897,0.0019,38329,""
"18-07-2016",0.001927,0.001992,0.001906,0.001982,36209,""
"17-07-2016",0.001926,0.001947,0.001895,0.001925,40947,""
"16-07-2016",0.001973,0.002001,0.001906,0.001926,34167,""
"15-07-2016",0.002039,0.002069,0.001946,0.001977,55698,""
"14-07-2016",0.002154,0.002195,0.001958,0.002039,208913,""
"13-07-2016",0.001971,0.002315,0.00197,0.002164,472760,""
"12-07-2016",0.001817,0.002041,0.001811,0.001991,206642,""
"11-07-2016",0.001851,0.001881,0.001755,0.001809,73548,""
"10-07-2016",0.001763,0.001887,0.001751,0.001852,52317,""
"09-07-2016",0.001824,0.00183,0.001732,0.001763,29463,""
"08-07-2016",0.00174,0.00187,0.00173,0.00187,63067,""
"07-07-2016",0.001847,0.001855,0.001697,0.00174,71044,""
"06-07-2016",0.001869,0.001937,0.001831,0.001846,45332,""
"05-07-2016",0.001932,0.00196,0.001834,0.001869,81723,""
"04-07-2016",0.001929,0.002,0.001843,0.001935,99562,""
"03-07-2016",0.002035,0.002041,0.001868,0.001928,49340,""
"02-07-2016",0.002035,0.002071,0.002002,0.00204,46649,""
"01-07-2016",0.002117,0.002122,0.002015,0.002035,77519,""
"30-06-2016",0.002048,0.002187,0.00203,0.002143,152025,""
"29-06-2016",0.002347,0.00235,0.002002,0.00204,299766,""
"28-06-2016",0.002545,0.002645,0.002278,0.002333,849604,""
"27-06-2016",0.00202,0.002863,0.00194,0.002657,543934,""
"26-06-2016",0.001788,0.002141,0.001788,0.002026,394757,""
"25-06-2016",0.001789,0.001846,0.00172,0.001788,52335,""
"24-06-2016",0.001666,0.001847,0.001636,0.001786,80904,""
"23-06-2016",0.001641,0.001686,0.001558,0.001666,37747,""
"22-06-2016",0.001709,0.001761,0.001619,0.00162,70192,""
"21-06-2016",0.001761,0.001967,0.001683,0.001711,124214,""
"20-06-2016",0.001835,0.001923,0.001747,0.001774,77260,""
"19-06-2016",0.001758,0.001858,0.001721,0.001831,57599,""
"18-06-2016",0.001697,0.001799,0.001654,0.001758,37093,""
"17-06-2016",0.001723,0.001828,0.001642,0.001697,60976,""
"16-06-2016",0.001667,0.001722,0.001615,0.001722,30780,""
"15-06-2016",0.001754,0.001755,0.001589,0.001668,31927,""
"14-06-2016",0.001561,0.001825,0.001521,0.001754,176486,""
"13-06-2016",0.00162,0.001641,0.001543,0.001561,37628,""
"12-06-2016",0.001576,0.001653,0.001537,0.00162,42720,""
"11-06-2016",0.001573,0.001596,0.001529,0.001576,16469,""
"10-06-2016",0.001587,0.001587,0.001539,0.001573,7053,""
"09-06-2016",0.001496,0.001587,0.001471,0.001587,26347,""
"08-06-2016",0.001488,0.001518,0.001475,0.001497,9521,""
"07-06-2016",0.001496,0.001509,0.001465,0.001488,19109,""
"06-06-2016",0.001498,0.001519,0.001483,0.001496,3612,""
"05-06-2016",0.001526,0.001536,0.00149,0.001498,7181,""
"04-06-2016",0.00153,0.001551,0.001507,0.001527,13522,""
"03-06-2016",0.001512,0.001551,0.001501,0.00153,11139,""
"02-06-2016",0.001526,0.001543,0.001511,0.001512,3798,""
"01-06-2016",0.001542,0.001548,0.001481,0.001525,24848,""
"31-05-2016",0.001512,0.001557,0.001483,0.001543,18898,""
"30-05-2016",0.001497,0.001547,0.001489,0.00151,15509,""
"29-05-2016",0.001475,0.001596,0.001475,0.001497,51175,""
"28-05-2016",0.001444,0.001516,0.001443,0.001476,50704,""
"27-05-2016",0.001481,0.001578,0.001444,0.001444,43506,""
"26-05-2016",0.001551,0.00156,0.001483,0.001489,38921,""
"25-05-2016",0.00161,0.001611,0.001535,0.00155,23106,""
"24-05-2016",0.001599,0.001641,0.001577,0.001608,22195,""
"23-05-2016",0.001626,0.001635,0.001579,0.001599,15998,""
"22-05-2016",0.001634,0.001699,0.001606,0.001626,11344,""
"21-05-2016",0.00165,0.001651,0.001595,0.001634,34693,""
"20-05-2016",0.001665,0.001709,0.001629,0.001649,34740,""
"19-05-2016",0.001711,0.001727,0.001639,0.001661,24544,""
"18-05-2016",0.0017,0.001736,0.001693,0.001711,5071,""
"17-05-2016",0.001724,0.001737,0.00169,0.001692,14874,""
"16-05-2016",0.00174,0.001768,0.001687,0.001724,18729,""
"15-05-2016",0.001783,0.001783,0.00175,0.001762,6509,""
"14-05-2016",0.00177,0.001793,0.00176,0.001781,5037,""
"13-05-2016",0.001801,0.001803,0.001743,0.00177,33122,""
"12-05-2016",0.001797,0.001805,0.001766,0.0018,13568,""
"11-05-2016",0.001775,0.001797,0.001767,0.001797,10744,""
"10-05-2016",0.001802,0.001808,0.001752,0.001774,22841,""
"09-05-2016",0.001796,0.001815,0.001769,0.001802,7597,""
"08-05-2016",0.001814,0.001827,0.001771,0.001796,18197,""
"07-05-2016",0.001837,0.001846,0.00181,0.001814,10780,""
"06-05-2016",0.00184,0.00186,0.001829,0.001829,8634,""
"05-05-2016",0.001865,0.001871,0.001829,0.00184,12585,""
"04-05-2016",0.001862,0.001885,0.001838,0.001865,16615,""
"03-05-2016",0.001868,0.001891,0.001856,0.001862,17242,""
"02-05-2016",0.001883,0.001905,0.001833,0.001868,19403,""
"01-05-2016",0.001852,0.001906,0.001841,0.001883,6884,""
"30-04-2016",0.001849,0.001912,0.001843,0.001852,24008,""
"29-04-2016",0.001904,0.00191,0.001845,0.001849,11889,""
"28-04-2016",0.001833,0.001911,0.001799,0.001904,44636,""
"27-04-2016",0.00182,0.001858,0.001798,0.001832,31873,""
"26-04-2016",0.001874,0.00191,0.001707,0.001819,93637,""
"25-04-2016",0.001912,0.001954,0.001859,0.001876,55865,""
"24-04-2016",0.001926,0.001968,0.001884,0.001912,18230,""
"23-04-2016",0.001917,0.00193,0.001884,0.001926,22819,""
"22-04-2016",0.001874,0.001918,0.001859,0.001917,26976,""
"21-04-2016",0.001919,0.001985,0.001806,0.001874,54310,""
"20-04-2016",0.001928,0.001949,0.001856,0.001928,39461,""
"19-04-2016",0.001903,0.001929,0.001893,0.001929,13111,""
"18-04-2016",0.001899,0.001914,0.00189,0.001903,24122,""
"17-04-2016",0.001922,0.001931,0.001846,0.001899,14645,""
"16-04-2016",0.001879,0.001934,0.001869,0.001922,18872,""
"15-04-2016",0.001877,0.001928,0.001823,0.001879,40559,""
"14-04-2016",0.001874,0.001887,0.001846,0.001877,23351,""
"13-04-2016",0.001876,0.001924,0.001832,0.001863,43097,""
"12-04-2016",0.001903,0.001934,0.001829,0.001871,38237,""
"11-04-2016",0.001885,0.001988,0.001869,0.001903,26655,""
"10-04-2016",0.002018,0.002051,0.001427,0.001882,128084,""
"09-04-2016",0.002184,0.002209,0.002002,0.002017,29154,""
"08-04-2016",0.002156,0.002237,0.002133,0.002184,33986,""
"07-04-2016",0.002154,0.002249,0.002131,0.002155,43761,""
"06-04-2016",0.00216,0.002243,0.002088,0.002163,30023,""
"05-04-2016",0.002299,0.002307,0.002099,0.00216,79658,""
"04-04-2016",0.002205,0.002465,0.002204,0.002294,179638,""
"03-04-2016",0.002089,0.002225,0.002081,0.00221,43511,""
"02-04-2016",0.002047,0.002128,0.00204,0.002089,30735,""
"01-04-2016",0.002026,0.002054,0.001993,0.002047,20022,""
"31-03-2016",0.002039,0.002073,0.002021,0.002027,34233,""
"30-03-2016",0.002087,0.002089,0.002006,0.002039,18345,""
"29-03-2016",0.002112,0.002128,0.002053,0.002087,17062,""
"28-03-2016",0.002031,0.002219,0.002011,0.002113,84150,""
"27-03-2016",0.002059,0.002095,0.001971,0.002027,31234,""
"26-03-2016",0.002075,0.002079,0.002009,0.002059,15616,""
"25-03-2016",0.002087,0.002126,0.002016,0.002076,23037,""
"24-03-2016",0.002174,0.002183,0.002065,0.00208,19201,""
"23-03-2016",0.002079,0.002206,0.002005,0.002174,20972,""
"22-03-2016",0.002074,0.002102,0.00206,0.002079,18784,""
"21-03-2016",0.002088,0.002088,0.002027,0.002074,24440,""
"20-03-2016",0.001998,0.002135,0.001996,0.002088,23789,""
"19-03-2016",0.001985,0.002097,0.001957,0.002015,46715,""
"18-03-2016",0.002146,0.00218,0.00197,0.00198,50038,""
"17-03-2016",0.002138,0.002206,0.002088,0.002147,45510,""
"16-03-2016",0.002197,0.002203,0.002088,0.002136,24794,""
"15-03-2016",0.00214,0.002201,0.002059,0.002193,45366,""
"14-03-2016",0.002189,0.002272,0.002097,0.002138,74931,""
"13-03-2016",0.002278,0.002347,0.00215,0.002177,56827,""
"12-03-2016",0.002555,0.002555,0.002184,0.00227,102896,""
"11-03-2016",0.002374,0.002929,0.002374,0.002567,346969,""
"10-03-2016",0.002229,0.002418,0.002172,0.002368,119765,""
"09-03-2016",0.002216,0.002316,0.002151,0.002229,52341,""
"08-03-2016",0.002348,0.002377,0.00213,0.002216,127065,""
"07-03-2016",0.00194,0.002542,0.001926,0.002392,325391,""
"06-03-2016",0.001824,0.001939,0.001803,0.001938,41218,""
"05-03-2016",0.001913,0.00192,0.001804,0.001824,39964,""
"04-03-2016",0.001891,0.001945,0.001847,0.001914,25208,""
"03-03-2016",0.001888,0.001939,0.001853,0.00189,24504,""
"02-03-2016",0.00191,0.001951,0.001823,0.001884,22381,""
"01-03-2016",0.001949,0.002005,0.001903,0.001909,15994,""
"29-02-2016",0.001981,0.002005,0.001891,0.001949,23302,""
"28-02-2016",0.002003,0.002022,0.001923,0.001981,33416,""
"27-02-2016",0.001955,0.002021,0.001922,0.002003,22000,""
"26-02-2016",0.001976,0.00199,0.001881,0.001943,28136,""
"25-02-2016",0.001944,0.001985,0.001925,0.001975,9214,""
"24-02-2016",0.001904,0.001976,0.001901,0.001959,21033,""
"23-02-2016",0.001984,0.002075,0.001883,0.001903,43865,""
"22-02-2016",0.002155,0.002161,0.001962,0.001976,27370,""
"21-02-2016",0.002057,0.002189,0.002057,0.002157,29419,""
"20-02-2016",0.00211,0.002204,0.002055,0.002101,33898,""
"19-02-2016",0.002118,0.002195,0.002064,0.00211,43957,""
"18-02-2016",0.00216,0.0022,0.002071,0.002122,22194,""
"17-02-2016",0.002644,0.002644,0.002003,0.002158,123493,""
"16-02-2016",0.00219,0.002649,0.002119,0.002649,114749,""
"15-02-2016",0.002192,0.002258,0.002151,0.002203,27720,""
"14-02-2016",0.002198,0.002292,0.002134,0.00219,47727,""
"13-02-2016",0.002331,0.002333,0.002088,0.002203,87956,""
"12-02-2016",0.001878,0.002357,0.001842,0.002344,715496,""
"11-02-2016",0.001844,0.001902,0.001797,0.001878,31082,""
"10-02-2016",0.001828,0.001914,0.001821,0.001849,28847,""
"09-02-2016",0.001853,0.001885,0.001768,0.001826,17156,""
"08-02-2016",0.001839,0.001875,0.001815,0.001841,15539,""
"07-02-2016",0.001864,0.002008,0.001843,0.001852,48478,""
"06-02-2016",0.001835,0.001882,0.001815,0.001864,19431,""
"05-02-2016",0.001803,0.001868,0.00179,0.001834,27232,""
"04-02-2016",0.001807,0.001842,0.001778,0.001803,22478,""
"03-02-2016",0.001796,0.00183,0.00178,0.001807,33079,""
"02-02-2016",0.001793,0.001818,0.001755,0.001796,40152,""
"01-02-2016",0.001776,0.001812,0.001744,0.001792,14159,""
"31-01-2016",0.001735,0.001835,0.001689,0.001776,26362,""
"30-01-2016",0.001887,0.001953,0.001731,0.001735,37270,""
"29-01-2016",0.001909,0.002069,0.001807,0.001888,78803,""
"28-01-2016",0.002237,0.002242,0.001852,0.001908,137591,""
"27-01-2016",0.001903,0.002235,0.001798,0.002235,213842,""
"26-01-2016",0.001712,0.001926,0.001674,0.001901,115830,""
"25-01-2016",0.001723,0.001777,0.001688,0.001709,39140,""
"24-01-2016",0.001695,0.001776,0.001679,0.001723,28012,""
"23-01-2016",0.001702,0.001752,0.001686,0.001696,38222,""
"22-01-2016",0.001733,0.001741,0.001689,0.001704,29515,""
"21-01-2016",0.001817,0.001826,0.00171,0.001738,28653,""
"20-01-2016",0.001813,0.001889,0.001712,0.001821,37726,""
"19-01-2016",0.001712,0.001933,0.001669,0.001826,36629,""
"18-01-2016",0.001714,0.001796,0.001673,0.001711,14408,""
"17-01-2016",0.001748,0.001761,0.001668,0.001714,25329,""
"16-01-2016",0.001737,0.001748,0.00164,0.001748,24153,""
"15-01-2016",0.001927,0.002091,0.001711,0.001737,60907,""
"14-01-2016",0.001824,0.001914,0.001762,0.001914,64127,""
"13-01-2016",0.001741,0.001844,0.001698,0.001824,50968,""
"12-01-2016",0.001736,0.001773,0.001706,0.001743,25468,""
"11-01-2016",0.001766,0.001781,0.00169,0.001739,24871,""
"10-01-2016",0.001749,0.001784,0.001714,0.001765,51522,""
"09-01-2016",0.001682,0.001806,0.001678,0.001749,38630,""
"08-01-2016",0.001736,0.001757,0.001679,0.001681,28246,""
"07-01-2016",0.001669,0.00176,0.001669,0.001728,26671,""
"06-01-2016",0.001721,0.001744,0.001668,0.001672,27863,""
"05-01-2016",0.001748,0.001752,0.0017,0.001721,18239,""
"04-01-2016",0.001745,0.001762,0.001727,0.001748,4634,""
"03-01-2016",0.001753,0.001756,0.001705,0.001744,43531,""
"02-01-2016",0.00175,0.001762,0.001684,0.001741,45950,""
"01-01-2016",0.001752,0.001766,0.001549,0.001748,4947,""
"31-12-2015",0.001764,0.001774,0.001333,0.001751,27310,""
"30-12-2015",0.001745,0.001804,0.001729,0.001763,46252,""
"29-12-2015",0.001771,0.001787,0.001701,0.001743,47760,""
"28-12-2015",0.001722,0.001777,0.001699,0.001777,21904,""
"27-12-2015",0.001649,0.001743,0.001638,0.00172,47298,""
"26-12-2015",0.00183,0.001831,0.001624,0.00165,14773,""
"25-12-2015",0.001757,0.001828,0.001725,0.001828,14657,""
"24-12-2015",0.001743,0.00179,0.001696,0.00177,22656,""
"23-12-2015",0.001726,0.001771,0.001712,0.001742,17711,""
"22-12-2015",0.001781,0.001793,0.001723,0.001728,23377,""
"21-12-2015",0.001747,0.001813,0.001691,0.00178,8595,""
"20-12-2015",0.001842,0.001842,0.00174,0.001746,8714,""
"19-12-2015",0.001849,0.001893,0.001797,0.001842,13348,""
"18-12-2015",0.001857,0.001867,0.001812,0.001849,11457,""
"17-12-2015",0.001846,0.00191,0.001833,0.001857,9562,""
"16-12-2015",0.00187,0.001912,0.00181,0.001846,18099,""
"15-12-2015",0.001983,0.002064,0.001757,0.00187,25706,""
"14-12-2015",0.002065,0.002086,0.001998,0.002002,8617,""
"13-12-2015",0.001986,0.002085,0.001903,0.002066,13149,""
"12-12-2015",0.002135,0.002185,0.001977,0.001986,20232,""
"11-12-2015",0.002026,0.002141,0.001947,0.002135,56225,""
"10-12-2015",0.002063,0.002366,0.001971,0.002026,77097,""
"09-12-2015",0.002296,0.002442,0.002063,0.002063,180884,""
"08-12-2015",0.001966,0.002342,0.001915,0.002292,35702,""
"07-12-2015",0.001917,0.001965,0.001861,0.001965,4636,""
"06-12-2015",0.001864,0.001976,0.00183,0.00192,11491,""
"05-12-2015",0.002011,0.002052,0.001851,0.001864,8006,""
"04-12-2015",0.001713,0.00201,0.001685,0.00201,7757,""
"03-12-2015",0.001768,0.001807,0.00168,0.001712,1760,""
"02-12-2015",0.001738,0.001775,0.001653,0.001767,2569,""
"01-12-2015",0.001721,0.001739,0.001606,0.001739,4810,""
"30-11-2015",0.00174,0.001778,0.001679,0.001732,3270,""
"29-11-2015",0.001743,0.00183,0.001652,0.00174,4142,""
"28-11-2015",0.001765,0.001854,0.001704,0.001741,4101,""
"27-11-2015",0.001914,0.001922,0.001765,0.001766,2338,""
"26-11-2015",0.001908,0.001988,0.001828,0.00192,3910,""
"25-11-2015",0.001868,0.001911,0.001852,0.001908,1503,""
"24-11-2015",0.0019,0.001924,0.001808,0.001867,928,""
"23-11-2015",0.001972,0.001996,0.001897,0.0019,698,""
"22-11-2015",0.00191,0.001986,0.001892,0.001972,552,""
"21-11-2015",0.001894,0.001929,0.00185,0.00191,2219,""
"20-11-2015",0.001931,0.001937,0.001885,0.001895,2032,""
"19-11-2015",0.00191,0.001956,0.001859,0.00193,1207,""
"18-11-2015",0.002015,0.002015,0.001879,0.001909,1737,""
"17-11-2015",0.001922,0.002025,0.001895,0.002015,778,""
"16-11-2015",0.001987,0.00208,0.001886,0.001922,493,""
"15-11-2015",0.001981,0.001998,0.001899,0.001988,491,""
"14-11-2015",0.001979,0.002002,0.001936,0.001981,527,""
"13-11-2015",0.00207,0.002136,0.001959,0.001974,1100,""
"12-11-2015",0.001963,0.002124,0.001924,0.002124,3518,""
"11-11-2015",0.002042,0.002127,0.001949,0.001964,3594,""
"10-11-2015",0.002031,0.002185,0.001939,0.002039,10658,""
"09-11-2015",0.001946,0.002043,0.001913,0.002033,2082,""
"08-11-2015",0.002014,0.002032,0.001919,0.001943,1700,""
"07-11-2015",0.001919,0.002019,0.001913,0.002015,2878,""
"06-11-2015",0.002008,0.002017,0.001853,0.001917,6285,""
"05-11-2015",0.002183,0.002203,0.001951,0.002012,10392,""
"04-11-2015",0.002197,0.002504,0.002144,0.00218,52465,""
"03-11-2015",0.002198,0.002402,0.002141,0.002189,21834,""
"02-11-2015",0.002127,0.002223,0.002084,0.00219,3748,""
"01-11-2015",0.00216,0.002237,0.002045,0.002128,10484,""
"31-10-2015",0.002167,0.002315,0.002111,0.00216,17814,""
"30-10-2015",0.00207,0.002288,0.002057,0.002184,19613,""
"29-10-2015",0.002047,0.002103,0.001998,0.002069,8212,""
"28-10-2015",0.001997,0.002102,0.001973,0.00202,6781,""
"27-10-2015",0.00184,0.002088,0.001838,0.001997,3777,""
"26-10-2015",0.001889,0.001947,0.001782,0.00186,11446,""
"25-10-2015",0.001925,0.00207,0.001878,0.001886,7266,""
"24-10-2015",0.001956,0.001997,0.001921,0.001923,943,""
"23-10-2015",0.001958,0.002017,0.001927,0.001956,3234,""
"22-10-2015",0.001976,0.002036,0.001914,0.001957,2145,""
"21-10-2015",0.00187,0.00198,0.001851,0.001975,3541,""
"20-10-2015",0.001941,0.001977,0.001821,0.00187,3159,""
"19-10-2015",0.001972,0.002006,0.001921,0.001933,1912,""
"18-10-2015",0.001985,0.00199,0.001894,0.001972,1999,""
"17-10-2015",0.001935,0.002006,0.001871,0.001986,3972,""
"16-10-2015",0.001937,0.002052,0.001896,0.001936,1630,""
"15-10-2015",0.001911,0.002084,0.001744,0.001934,14152,""
"14-10-2015",0.002101,0.002212,0.001874,0.001915,4159,""
"13-10-2015",0.002031,0.002104,0.00203,0.002101,980,""
"12-10-2015",0.002109,0.002112,0.002031,0.002031,3608,""
"11-10-2015",0.002084,0.002124,0.002064,0.00211,1112,""
"10-10-2015",0.002098,0.002157,0.002043,0.002084,2475,""
"09-10-2015",0.001996,0.002154,0.001959,0.002121,2854,""
"08-10-2015",0.002076,0.002101,0.001984,0.001996,3520,""
"07-10-2015",0.002077,0.002133,0.002069,0.002075,1570,""
"06-10-2015",0.002023,0.002124,0.001999,0.002077,2190,""
"05-10-2015",0.002051,0.002051,0.001988,0.001989,862,""
"04-10-2015",0.002056,0.002074,0.002002,0.002051,945,""
"03-10-2015",0.002076,0.002124,0.002001,0.002013,1917,""
"02-10-2015",0.002182,0.002223,0.002021,0.002076,2850,""
"01-10-2015",0.001984,0.002253,0.00192,0.002224,12894,""
"30-09-2015",0.002075,0.002075,0.001826,0.001985,15365,""
"29-09-2015",0.002091,0.002133,0.002015,0.002055,6058,""
"28-09-2015",0.002068,0.002151,0.002063,0.002091,4256,""
"27-09-2015",0.00207,0.002081,0.002033,0.002067,3105,""
"26-09-2015",0.002056,0.002105,0.00204,0.002071,6180,""
"25-09-2015",0.002058,0.002121,0.002056,0.002056,1193,""
"24-09-2015",0.002073,0.002103,0.002051,0.002058,3528,""
"23-09-2015",0.002138,0.002162,0.002081,0.002082,2495,""
"22-09-2015",0.002142,0.002188,0.002067,0.002138,2836,""
"21-09-2015",0.002223,0.002224,0.002128,0.002142,1970,""
"20-09-2015",0.002295,0.002295,0.002196,0.002223,3069,""
"19-09-2015",0.002244,0.002342,0.002216,0.002295,5375,""
"18-09-2015",0.002228,0.002271,0.002017,0.002243,22669,""
"17-09-2015",0.002152,0.002228,0.002141,0.002228,4024,""
"16-09-2015",0.002183,0.002201,0.002124,0.002159,7901,""
"15-09-2015",0.002139,0.002634,0.002116,0.002183,3674,""
"14-09-2015",0.002157,0.003004,0.00211,0.002139,4634,""
"13-09-2015",0.002239,0.00224,0.002097,0.002158,1583,""
"12-09-2015",0.002231,0.00226,0.002197,0.002239,1075,""
"11-09-2015",0.002208,0.002279,0.002194,0.002231,4021,""
"10-09-2015",0.002195,0.002322,0.002195,0.002208,8188,""
"09-09-2015",0.0023,0.002466,0.002179,0.002195,18552,""
"08-09-2015",0.002451,0.002464,0.002291,0.0023,11354,""
"07-09-2015",0.002527,0.002529,0.002451,0.002452,3074,""
"06-09-2015",0.002417,0.002561,0.002414,0.002527,9566,""
"05-09-2015",0.002321,0.002476,0.002309,0.002476,9478,""
"04-09-2015",0.002377,0.002437,0.002318,0.002321,7558,""
"03-09-2015",0.002423,0.002493,0.002377,0.002377,8753,""
"02-09-2015",0.002436,0.002551,0.002316,0.002423,25216,""
"01-09-2015",0.002478,0.002549,0.00242,0.002435,4818,""
"31-08-2015",0.002364,0.002602,0.002341,0.002479,32459,""
"30-08-2015",0.002577,0.002607,0.002203,0.002363,45670,""
"29-08-2015",0.002356,0.002707,0.00225,0.002577,74173,""
"28-08-2015",0.002006,0.002494,0.001805,0.002354,71683,""
"27-08-2015",0.002034,0.002084,0.001972,0.002005,4432,""
"26-08-2015",0.001856,0.002065,0.001856,0.002035,5899,""
"25-08-2015",0.001882,0.001894,0.001751,0.001855,6407,""
"24-08-2015",0.001971,0.001975,0.001855,0.001892,3367,""
"23-08-2015",0.002001,0.002009,0.001938,0.001959,2286,""
"22-08-2015",0.001994,0.00204,0.001946,0.002001,8307,""
"21-08-2015",0.002027,0.002066,0.001967,0.001995,13673,""
"20-08-2015",0.001797,0.00203,0.001781,0.00203,13326,""
"19-08-2015",0.00187,0.002,0.00171,0.00181,36661,""
"18-08-2015",0.00217,0.00217,0.001878,0.001878,28468,""
"17-08-2015",0.002144,0.002195,0.002125,0.00217,4373,""
"16-08-2015",0.00227,0.002288,0.002113,0.002135,15113,""
"15-08-2015",0.002313,0.00233,0.002261,0.00227,6685,""
"14-08-2015",0.002265,0.002345,0.002262,0.002314,11426,""
"13-08-2015",0.002379,0.002415,0.002231,0.002264,9789,""
"12-08-2015",0.002396,0.002501,0.002345,0.00238,21375,""
"11-08-2015",0.002466,0.00252,0.002382,0.002398,7245,""
"10-08-2015",0.002345,0.002595,0.002345,0.002466,17339,""
"09-08-2015",0.002421,0.0025,0.002321,0.002345,12956,""
"08-08-2015",0.002433,0.002523,0.002296,0.002419,22350,""
"07-08-2015",0.002524,0.002529,0.002428,0.002432,4101,""
"06-08-2015",0.002634,0.002634,0.002476,0.002524,7126,""
"05-08-2015",0.002631,0.00276,0.002285,0.002634,40512,""
"04-08-2015",0.002627,0.002672,0.002607,0.002632,4294,""
"03-08-2015",0.002725,0.002754,0.002631,0.002631,7155,""
"02-08-2015",0.00264,0.002725,0.002603,0.002725,6687,""
"01-08-2015",0.002645,0.00275,0.00259,0.002642,11103,""
"31-07-2015",0.002811,0.002857,0.002628,0.002644,12919,""
"30-07-2015",0.002823,0.002858,0.002771,0.002811,4348,""
"29-07-2015",0.002727,0.002835,0.002709,0.002823,8951,""
"28-07-2015",0.002945,0.002962,0.002708,0.002727,17746,""
"27-07-2015",0.003016,0.003016,0.002866,0.002945,12245,""
"26-07-2015",0.002939,0.003022,0.002914,0.003016,3878,""
"25-07-2015",0.003093,0.003164,0.002867,0.00294,31665,""
"24-07-2015",0.003037,0.003158,0.003015,0.003094,3959,""
"23-07-2015",0.003113,0.003143,0.00302,0.003037,5114,""
"22-07-2015",0.003064,0.003147,0.003015,0.003118,19236,""
"21-07-2015",0.00299,0.003148,0.002823,0.003067,23511,""
"20-07-2015",0.002872,0.003,0.002869,0.002986,6338,""
"19-07-2015",0.002898,0.002983,0.002865,0.00287,2580,""
"18-07-2015",0.002851,0.002989,0.002759,0.002899,2672,""
"17-07-2015",0.002831,0.002952,0.00271,0.002853,12207,""
"16-07-2015",0.002995,0.003022,0.002796,0.002831,14119,""
"15-07-2015",0.003075,0.003156,0.002984,0.003003,13358,""
"14-07-2015",0.003219,0.003287,0.003038,0.003077,11489,""
"13-07-2015",0.003183,0.003333,0.003082,0.003219,23801,""
"12-07-2015",0.003081,0.003193,0.003056,0.003184,9505,""
"11-07-2015",0.003114,0.003236,0.003077,0.003081,11058,""
"10-07-2015",0.00306,0.003517,0.00306,0.003115,59968,""
"09-07-2015",0.003214,0.003226,0.003054,0.003059,19032,""
"08-07-2015",0.00314,0.003272,0.003087,0.003214,27219,""
"07-07-2015",0.003229,0.003264,0.003092,0.003141,14883,""
"06-07-2015",0.003117,0.003339,0.003117,0.003228,19319,""
"05-07-2015",0.003194,0.003281,0.003075,0.003122,30745,""
"04-07-2015",0.003265,0.003285,0.003165,0.003195,6970,""
"03-07-2015",0.003401,0.003404,0.003235,0.003265,24472,""
"02-07-2015",0.003458,0.003471,0.003332,0.003401,10950,""
"01-07-2015",0.003469,0.003486,0.003366,0.003458,13853,""
"30-06-2015",0.003503,0.003609,0.003458,0.00347,42462,""
"29-06-2015",0.003427,0.003569,0.003365,0.003503,23192,""
"28-06-2015",0.003554,0.003574,0.003385,0.003435,12404,""
"27-06-2015",0.003407,0.003591,0.003406,0.003554,33469,""
"26-06-2015",0.003476,0.003515,0.003377,0.003407,10574,""
"25-06-2015",0.003425,0.003501,0.003243,0.003477,27297,""
"24-06-2015",0.003508,0.003574,0.003429,0.003436,12699,""
"23-06-2015",0.003681,0.003736,0.003504,0.003508,26466,""
"22-06-2015",0.003527,0.003698,0.003527,0.003682,22128,""
"21-06-2015",0.003669,0.00375,0.003504,0.003526,25279,""
"20-06-2015",0.003733,0.003763,0.003484,0.003658,52776,""
"19-06-2015",0.003774,0.004086,0.003653,0.003724,132710,""
"18-06-2015",0.003601,0.003807,0.003435,0.003736,103675,""
"17-06-2015",0.003747,0.004052,0.003584,0.0036,148541,""
"16-06-2015",0.003461,0.003848,0.003437,0.003748,104286,""
"15-06-2015",0.003259,0.003473,0.003207,0.003465,38841,""
"14-06-2015",0.003232,0.00332,0.003182,0.003261,26760,""
"13-06-2015",0.003085,0.003254,0.003085,0.003231,23848,""
"12-06-2015",0.003103,0.00312,0.003052,0.003086,7947,""
"11-06-2015",0.003161,0.003176,0.003031,0.003104,18371,""
"10-06-2015",0.003206,0.003212,0.003147,0.003161,7419,""
"09-06-2015",0.003125,0.003248,0.003125,0.003218,17228,""
"08-06-2015",0.003085,0.003135,0.003028,0.003126,6534,""
"07-06-2015",0.003135,0.00317,0.003075,0.003088,8643,""
"06-06-2015",0.003155,0.003245,0.003116,0.003135,11850,""
"05-06-2015",0.003156,0.003168,0.003029,0.003155,14581,""
"04-06-2015",0.00303,0.003264,0.002996,0.003155,17068,""
"03-06-2015",0.003229,0.003246,0.002967,0.00303,23415,""
"02-06-2015",0.003094,0.003325,0.002817,0.003216,70139,""
"01-06-2015",0.003397,0.003407,0.003067,0.003073,20681,""
"31-05-2015",0.003252,0.003453,0.003196,0.003386,34077,""
"30-05-2015",0.003611,0.003664,0.003157,0.003219,70294,""
"29-05-2015",0.00355,0.004109,0.003443,0.00361,164867,""
"28-05-2015",0.003167,0.003684,0.003138,0.003609,116009,""
"27-05-2015",0.003192,0.003288,0.003136,0.003167,21904,""
"26-05-2015",0.003179,0.003207,0.003065,0.003204,10087,""
"25-05-2015",0.003135,0.003537,0.003067,0.003179,44799,""
"24-05-2015",0.003028,0.003224,0.002928,0.003121,25015,""
"23-05-2015",0.003096,0.003318,0.002957,0.003028,42823,""
"22-05-2015",0.002765,0.003107,0.002765,0.003046,45598,""
"21-05-2015",0.002722,0.002819,0.002712,0.002765,10161,""
"20-05-2015",0.002653,0.002969,0.002653,0.002722,33006,""
"19-05-2015",0.002511,0.002791,0.002434,0.002652,46705,""
"18-05-2015",0.002576,0.002577,0.002502,0.00251,9633,""
"17-05-2015",0.002599,0.002626,0.002543,0.002576,9992,""
"16-05-2015",0.002878,0.002915,0.002556,0.002599,6243,""
"15-05-2015",0.002848,0.002878,0.002796,0.002878,6608,""
"14-05-2015",0.002809,0.002952,0.002722,0.002847,8935,""
"13-05-2015",0.00279,0.003093,0.002776,0.00281,7557,""
"12-05-2015",0.002971,0.002992,0.002767,0.00281,16605,""
"11-05-2015",0.002786,0.002992,0.002731,0.002969,7693,""
"10-05-2015",0.002836,0.002975,0.002735,0.002793,6673,""
"09-05-2015",0.002926,0.002943,0.00272,0.002873,18016,""
"08-05-2015",0.002773,0.003054,0.002738,0.002926,40149,""
"07-05-2015",0.002761,0.002851,0.002532,0.002772,17196,""
"06-05-2015",0.002691,0.003046,0.002649,0.002757,4242,""
"05-05-2015",0.003021,0.003175,0.002659,0.002691,6410,""
"04-05-2015",0.002677,0.003035,0.002651,0.003021,4015,""
"03-05-2015",0.002695,0.00275,0.00266,0.002677,6849,""
"02-05-2015",0.002646,0.00277,0.002627,0.002696,10689,""
"01-05-2015",0.002735,0.002779,0.002647,0.002647,5405,""
"30-04-2015",0.002573,0.002738,0.00255,0.002732,10060,""
"29-04-2015",0.002632,0.002693,0.002446,0.002575,15415,""
"28-04-2015",0.002693,0.002693,0.002602,0.00263,9069,""
"27-04-2015",0.002643,0.002696,0.002568,0.002692,13546,""
"26-04-2015",0.002656,0.00267,0.002594,0.00264,8844,""
"25-04-2015",0.00265,0.002737,0.002623,0.002657,5959,""
"24-04-2015",0.002749,0.002749,0.00265,0.002658,6647,""
"23-04-2015",0.002657,0.002759,0.002629,0.002749,9866,""
"22-04-2015",0.002762,0.002777,0.002652,0.002698,7432,""
"21-04-2015",0.002684,0.002764,0.002574,0.002758,14345,""
"20-04-2015",0.002685,0.002737,0.002668,0.002696,8072,""
"19-04-2015",0.002741,0.002752,0.002685,0.002685,23255,""
"18-04-2015",0.002696,0.002756,0.002681,0.002742,10026,""
"17-04-2015",0.002763,0.002778,0.002685,0.002697,11959,""
"16-04-2015",0.002671,0.002787,0.00265,0.002765,8689,""
"15-04-2015",0.002655,0.0027,0.002593,0.002655,7342,""
"14-04-2015",0.002716,0.002799,0.002627,0.002656,10358,""
"13-04-2015",0.002833,0.003084,0.002692,0.002732,12501,""
"12-04-2015",0.002776,0.00283,0.002649,0.002796,99750,""
"11-04-2015",0.002639,0.002814,0.00254,0.00277,26596,""
"10-04-2015",0.002649,0.002726,0.002559,0.002637,18291,""
"09-04-2015",0.002708,0.002819,0.002621,0.002649,14530,""
"08-04-2015",0.002689,0.002785,0.002608,0.002709,19430,""
"07-04-2015",0.002572,0.00284,0.002525,0.00269,37000,""
"06-04-2015",0.002667,0.002684,0.002586,0.002589,11075,""
"05-04-2015",0.002689,0.002696,0.002586,0.002666,12082,""
"04-04-2015",0.002767,0.002767,0.002597,0.00269,9276,""
"03-04-2015",0.002667,0.00279,0.002579,0.002768,15430,""
"02-04-2015",0.002803,0.002814,0.002627,0.002664,16448,""
"01-04-2015",0.002874,0.00288,0.002735,0.002803,10523,""
"31-03-2015",0.002734,0.00299,0.002509,0.002816,37060,""
"30-03-2015",0.003047,0.003146,0.002674,0.002735,29998,""
"29-03-2015",0.002959,0.003054,0.002823,0.003046,6928,""
"28-03-2015",0.003075,0.003183,0.002887,0.002958,26230,""
"27-03-2015",0.002952,0.003113,0.0029,0.003078,25115,""
"26-03-2015",0.002933,0.003072,0.002924,0.00294,15682,""
"25-03-2015",0.002952,0.003003,0.002807,0.002934,24844,""
"24-03-2015",0.003217,0.003234,0.002924,0.002943,41355,""
"23-03-2015",0.003218,0.003606,0.003079,0.003193,91492,""
"22-03-2015",0.002992,0.003384,0.002808,0.003193,40729,""
"21-03-2015",0.002794,0.003133,0.002736,0.002991,26725,""
"20-03-2015",0.002817,0.003004,0.002732,0.002796,14655,""
"19-03-2015",0.002665,0.003003,0.002595,0.002817,25187,""
"18-03-2015",0.003,0.003002,0.002641,0.002666,15106,""
"17-03-2015",0.003145,0.003162,0.002984,0.003,12128,""
"16-03-2015",0.003004,0.00338,0.002966,0.003144,29363,""
"15-03-2015",0.002961,0.003069,0.002947,0.003002,7251,""
"14-03-2015",0.002962,0.003133,0.002936,0.002968,15790,""
"13-03-2015",0.003096,0.003182,0.002969,0.002969,13470,""
"12-03-2015",0.002929,0.003319,0.002914,0.0031,42002,""
"11-03-2015",0.002936,0.003196,0.002805,0.00293,21507,""
"10-03-2015",0.0029,0.002963,0.002794,0.002935,17921,""
"09-03-2015",0.002958,0.003011,0.002888,0.002912,29030,""
"08-03-2015",0.002947,0.002999,0.00285,0.002958,12794,""
"07-03-2015",0.002953,0.003002,0.002889,0.002947,7589,""
"06-03-2015",0.002994,0.003155,0.002891,0.002952,22390,""
"05-03-2015",0.002874,0.003081,0.002818,0.002992,25407,""
"04-03-2015",0.002838,0.003003,0.002802,0.002888,22570,""
"03-03-2015",0.002969,0.003094,0.002842,0.002863,32142,""
"02-03-2015",0.00278,0.003031,0.002727,0.003003,28398,""
"01-03-2015",0.003047,0.003052,0.002781,0.002781,17782,""
"28-02-2015",0.003165,0.003192,0.00303,0.003049,12332,""
"27-02-2015",0.003117,0.003305,0.003116,0.003159,27445,""
"26-02-2015",0.003167,0.003171,0.00303,0.003117,14216,""
"25-02-2015",0.003121,0.003193,0.003007,0.003165,11098,""
"24-02-2015",0.00311,0.003193,0.003059,0.003122,9284,""
"23-02-2015",0.002831,0.0032,0.002708,0.003108,6966,""
"22-02-2015",0.0032,0.003337,0.002512,0.002822,14027,""
"21-02-2015",0.003218,0.003392,0.00318,0.003198,3103,""
"20-02-2015",0.003223,0.003294,0.00318,0.003222,3263,""
"19-02-2015",0.003161,0.003269,0.003155,0.003222,8162,""
"18-02-2015",0.003356,0.003392,0.003136,0.00316,11492,""
"17-02-2015",0.003302,0.003404,0.003249,0.003359,10247,""
"16-02-2015",0.003294,0.00336,0.003244,0.003301,19822,""
"15-02-2015",0.003696,0.003701,0.003256,0.003285,29545,""
"14-02-2015",0.003573,0.003781,0.003549,0.003709,27228,""
"13-02-2015",0.003424,0.003685,0.003375,0.003582,20250,""
"12-02-2015",0.003518,0.003523,0.003336,0.003423,22950,""
"11-02-2015",0.003554,0.003601,0.003397,0.003515,20839,""
"10-02-2015",0.003641,0.003668,0.003378,0.003555,30401,""
"09-02-2015",0.003734,0.003789,0.003587,0.003639,23287,""
"08-02-2015",0.00383,0.003882,0.003714,0.003733,20383,""
"07-02-2015",0.003817,0.003903,0.00378,0.003825,15482,""
"06-02-2015",0.00406,0.004245,0.00379,0.003825,68194,""
"05-02-2015",0.003765,0.004024,0.003605,0.004001,48565,""
"04-02-2015",0.003751,0.003818,0.003641,0.003765,33568,""
"03-02-2015",0.00416,0.004187,0.00371,0.00375,38689,""
"02-02-2015",0.004137,0.004324,0.003934,0.00418,28423,""
"01-02-2015",0.004325,0.00439,0.003901,0.004142,70975,""
"31-01-2015",0.004445,0.005525,0.004334,0.004334,24903,""
"30-01-2015",0.004546,0.005051,0.004416,0.004462,41892,""
"29-01-2015",0.004899,0.004977,0.00418,0.004556,92086,""
"28-01-2015",0.004812,0.005431,0.004415,0.004895,30636,""
"27-01-2015",0.004706,0.004938,0.004435,0.004816,92001,""
"26-01-2015",0.004806,0.005161,0.004605,0.004709,148296,""
"25-01-2015",0.00503,0.005083,0.00471,0.00479,69844,""
"24-01-2015",0.004875,0.005101,0.004806,0.005038,59006,35796040
"23-01-2015",0.004916,0.004916,0.004708,0.004881,42575,""
"22-01-2015",0.004988,0.005217,0.004908,0.004914,59947,""
"21-01-2015",0.00477,0.005081,0.00477,0.005054,65656,35752386
"20-01-2015",0.004804,0.004859,0.004669,0.004743,35159,""
"19-01-2015",0.004755,0.005071,0.004655,0.004829,57052,""
"18-01-2015",0.00465,0.005003,0.004397,0.004739,54344,""
"17-01-2015",0.004366,0.004648,0.004297,0.004617,39285,""
"16-01-2015",0.00498,0.005102,0.004312,0.004458,129665,""
"15-01-2015",0.004332,0.005367,0.004332,0.005013,196676,35682815
"14-01-2015",0.00402,0.004385,0.003688,0.004318,181567,""
"13-01-2015",0.004868,0.004908,0.003926,0.004053,131331,""
"12-01-2015",0.005039,0.005069,0.004784,0.004903,60808,""
"11-01-2015",0.005179,0.005301,0.004961,0.005062,40552,35645646
"10-01-2015",0.005625,0.005678,0.004969,0.00518,123545,35637514
"09-01-2015",0.005557,0.005645,0.005321,0.005622,83886,35628309
"08-01-2015",0.005283,0.00584,0.005209,0.005567,222723,35621059
"07-01-2015",0.004972,0.005284,0.004899,0.005284,84601,35613021
"06-01-2015",0.004969,0.005005,0.004781,0.004972,73403,""
"05-01-2015",0.004422,0.005094,0.00441,0.004947,144416,""
"04-01-2015",0.004572,0.004773,0.004253,0.004416,137593,""
"03-01-2015",0.005473,0.005494,0.004669,0.004672,135921,""
"02-01-2015",0.005438,0.005605,0.005424,0.005481,55381,35578059
"01-01-2015",0.005517,0.005551,0.005406,0.005493,20514,35572029
"31-12-2014",0.005479,0.005606,0.005344,0.005516,42091,35567530
"30-12-2014",0.005591,0.005778,0.005304,0.005484,97500,35562721
"29-12-2014",0.005805,0.006038,0.005535,0.00562,93475,35557202
"28-12-2014",0.006005,0.006113,0.005484,0.0058,117923,35550974
"27-12-2014",0.006195,0.006294,0.005708,0.006015,88666,35546249
"26-12-2014",0.005788,0.006286,0.005742,0.006213,125258,35542428
"25-12-2014",0.005102,0.006204,0.005085,0.0058,244758,35537671
"24-12-2014",0.005774,0.005866,0.005069,0.005101,158568,35533236
"23-12-2014",0.005907,0.006228,0.005574,0.00582,219787,35529577
"22-12-2014",0.005925,0.006196,0.005553,0.005907,329485,35525590
"21-12-2014",0.005886,0.006261,0.005554,0.005871,356552,35521105
"20-12-2014",0.005669,0.006207,0.004788,0.005813,736524,35516744
"19-12-2014",0.00608,0.009421,0.00522,0.00613,2205890,35512255
"18-12-2014",0.00413,0.006183,0.004012,0.006146,1247810,35503758
"17-12-2014",0.003261,0.00453,0.003214,0.004104,883715,""
"16-12-2014",0.002573,0.003465,0.00248,0.00325,259325,""
"15-12-2014",0.002474,0.002604,0.002438,0.002574,43740,""
"14-12-2014",0.002539,0.002652,0.002422,0.002475,27160,""
"13-12-2014",0.002524,0.002553,0.00246,0.002553,21918,""
"12-12-2014",0.002554,0.002554,0.002435,0.002525,29877,""
"11-12-2014",0.002427,0.002673,0.002336,0.002585,44075,""
"10-12-2014",0.002251,0.002481,0.002245,0.002435,38567,""
"09-12-2014",0.002339,0.002342,0.002183,0.002249,32197,""
"08-12-2014",0.00233,0.002466,0.002285,0.002339,34383,""
"07-12-2014",0.002407,0.002408,0.002306,0.002329,23877,""
"06-12-2014",0.002356,0.002453,0.002306,0.002407,31683,""
"05-12-2014",0.002374,0.002437,0.002295,0.002356,20562,""
"04-12-2014",0.002375,0.002412,0.002253,0.002375,27557,""
"03-12-2014",0.002409,0.00248,0.002297,0.002373,23620,""
"02-12-2014",0.002541,0.002621,0.002261,0.002409,48024,""
"01-12-2014",0.002211,0.002681,0.002133,0.002541,73122,""
"30-11-2014",0.002521,0.002522,0.002113,0.00221,61162,""
"29-11-2014",0.00281,0.002812,0.002404,0.002521,109351,""
"28-11-2014",0.003429,0.003429,0.002765,0.002861,209843,""
"27-11-2014",0.002139,0.004014,0.002103,0.003426,544484,""
"26-11-2014",0.0019,0.00213,0.001883,0.00213,32114,""
"25-11-2014",0.001957,0.002096,0.001871,0.001898,14659,""
"24-11-2014",0.002164,0.002202,0.001947,0.001957,13496,""
"23-11-2014",0.00181,0.002181,0.001794,0.002165,42071,""
"22-11-2014",0.001565,0.00193,0.001562,0.001809,35206,""
"21-11-2014",0.001589,0.001609,0.001505,0.001563,10260,""
"20-11-2014",0.001549,0.001607,0.00151,0.001589,14782,""
"19-11-2014",0.001352,0.001583,0.001348,0.001548,16849,""
"18-11-2014",0.00161,0.001643,0.001227,0.001357,16762,""
"17-11-2014",0.001638,0.001706,0.001542,0.001608,8443,""
"16-11-2014",0.001618,0.001681,0.001596,0.001637,5267,""
"15-11-2014",0.00172,0.001742,0.001589,0.001624,5382,""
"14-11-2014",0.001787,0.001787,0.001656,0.001713,10411,""
"13-11-2014",0.001868,0.001921,0.001673,0.001793,17376,""
"12-11-2014",0.001755,0.001908,0.001728,0.001859,15430,""
"11-11-2014",0.001794,0.00185,0.001744,0.001753,12534,""
"10-11-2014",0.001752,0.001836,0.001732,0.001799,16001,""
"09-11-2014",0.001733,0.001795,0.001705,0.001757,12705,""
"08-11-2014",0.001687,0.001762,0.001678,0.001734,4483,""
"07-11-2014",0.001767,0.001919,0.001672,0.001688,11531,""
"06-11-2014",0.001755,0.001781,0.001713,0.001764,13531,""
"05-11-2014",0.001704,0.001779,0.001704,0.001755,10617,""
"04-11-2014",0.001691,0.001704,0.001653,0.001703,9766,""
"03-11-2014",0.001582,0.001761,0.001581,0.001693,15149,""
"02-11-2014",0.001549,0.001599,0.00152,0.001584,9242,""
"01-11-2014",0.001686,0.001693,0.001525,0.001548,494272,""
"31-10-2014",0.001748,0.001754,0.001647,0.001681,10733,""
"30-10-2014",0.001696,0.001752,0.001656,0.001735,13179,""
"29-10-2014",0.001675,0.001947,0.001619,0.001696,24172,""
"28-10-2014",0.001957,0.001995,0.00155,0.001655,73811,""
"27-10-2014",0.001941,0.001998,0.001887,0.001956,14396,""
"26-10-2014",0.001893,0.001952,0.001864,0.001941,9559,""
"25-10-2014",0.001959,0.001988,0.001864,0.001892,13101,""
"24-10-2014",0.001915,0.002029,0.001895,0.001958,29512,""
"23-10-2014",0.002021,0.002033,0.001895,0.001914,15614,""
"22-10-2014",0.002062,0.002077,0.001982,0.002034,19376,""
"21-10-2014",0.002022,0.002114,0.002013,0.00207,26101,""
"20-10-2014",0.002021,0.002138,0.00197,0.002023,38282,""
"19-10-2014",0.002058,0.002195,0.002023,0.002023,18945,""
"18-10-2014",0.002022,0.002157,0.002001,0.002059,27435,""
"17-10-2014",0.002081,0.002127,0.001986,0.002021,22242,""
"16-10-2014",0.002173,0.002221,0.00195,0.00208,39044,""
"15-10-2014",0.002352,0.002363,0.002123,0.002174,46516,""
"14-10-2014",0.002309,0.002411,0.002264,0.002352,32533,""
"13-10-2014",0.00224,0.002372,0.002134,0.002299,44927,""
"12-10-2014",0.002338,0.002457,0.001972,0.002243,76978,""
"11-10-2014",0.002308,0.002446,0.002283,0.002336,34909,""
"10-10-2014",0.002356,0.002418,0.002198,0.002309,14307,""
"09-10-2014",0.002475,0.002495,0.002273,0.002358,11066,""
"08-10-2014",0.00242,0.002486,0.002296,0.002477,28232,""
"07-10-2014",0.002578,0.002635,0.002349,0.002447,35420,""
"06-10-2014",0.002384,0.002729,0.002288,0.002574,34446,""
"05-10-2014",0.002441,0.002512,0.002129,0.002387,29396,""
"04-10-2014",0.002604,0.00267,0.002371,0.002371,45969,""
"03-10-2014",0.002743,0.002795,0.002596,0.002601,34169,""
"02-10-2014",0.002888,0.003048,0.002738,0.002773,30542,""
"01-10-2014",0.003221,0.003283,0.002798,0.00288,70180,""
"30-09-2014",0.003227,0.003268,0.003131,0.003211,21131,""
"29-09-2014",0.00317,0.003427,0.003074,0.003212,32858,""
"28-09-2014",0.003262,0.00346,0.003105,0.003174,77804,""
"27-09-2014",0.003044,0.003342,0.002905,0.003263,44492,""
"26-09-2014",0.0036,0.0036,0.002902,0.00305,117908,""
"25-09-2014",0.003878,0.003901,0.003422,0.003494,81902,""
"24-09-2014",0.003966,0.004068,0.003425,0.00389,163121,""
"23-09-2014",0.004007,0.004102,0.003754,0.003965,120447,""
"22-09-2014",0.003466,0.004081,0.003447,0.004023,178810,""
"21-09-2014",0.00361,0.003862,0.003296,0.003464,145626,""
"20-09-2014",0.003936,0.004304,0.003309,0.003612,186971,""
"19-09-2014",0.00346,0.004026,0.00316,0.003872,204649,""
"18-09-2014",0.003081,0.003768,0.003055,0.003456,205474,""
"17-09-2014",0.002988,0.003128,0.002928,0.003072,118073,""
"16-09-2014",0.003031,0.003058,0.002816,0.00299,86555,""
"15-09-2014",0.002874,0.003107,0.002692,0.002896,72903,""
"14-09-2014",0.003096,0.003132,0.002675,0.002943,113315,""
"13-09-2014",0.003032,0.003198,0.002945,0.003094,111452,""
"12-09-2014",0.0025,0.00315,0.002495,0.002968,117052,""
"11-09-2014",0.002244,0.002619,0.002227,0.002501,113300,""
"10-09-2014",0.002179,0.002315,0.002179,0.002278,59878,""
"09-09-2014",0.002265,0.002272,0.002069,0.002178,51289,""
"08-09-2014",0.002042,0.002313,0.002026,0.002257,105569,""
"07-09-2014",0.00206,0.002114,0.002024,0.002044,34744,""
"06-09-2014",0.002082,0.002107,0.002058,0.002081,31676,""
"05-09-2014",0.00213,0.002134,0.00207,0.002082,26119,""
"04-09-2014",0.002059,0.002177,0.002041,0.00213,58031,""
"03-09-2014",0.001998,0.002101,0.001994,0.002059,36081,""
"02-09-2014",0.002008,0.002034,0.001984,0.001999,23793,""
"01-09-2014",0.002061,0.002098,0.001999,0.00201,27975,""
"31-08-2014",0.00219,0.002215,0.002048,0.002061,22844,""
"30-08-2014",0.002218,0.00224,0.002186,0.002195,39116,""
"29-08-2014",0.002184,0.002257,0.002164,0.002211,43049,""
"28-08-2014",0.00227,0.002316,0.002109,0.00218,90044,""
"27-08-2014",0.002281,0.002328,0.002268,0.002273,60132,""
"26-08-2014",0.002221,0.002338,0.002221,0.002315,99823,""
"25-08-2014",0.002236,0.002242,0.002175,0.002221,38512,""
"24-08-2014",0.002237,0.002293,0.002201,0.002232,37470,""
"23-08-2014",0.002358,0.002388,0.002222,0.002237,43776,""
"22-08-2014",0.002392,0.002408,0.002272,0.002355,50589,""
"21-08-2014",0.002488,0.002624,0.002329,0.00239,76029,""
"20-08-2014",0.002223,0.002521,0.002221,0.002496,96584,""
"19-08-2014",0.002028,0.002224,0.001998,0.002224,66941,""
"18-08-2014",0.002336,0.002368,0.001928,0.002025,104237,""
"17-08-2014",0.002507,0.002545,0.002299,0.002337,61889,""
"16-08-2014",0.002401,0.002532,0.002231,0.002525,116834,""
"15-08-2014",0.002566,0.00261,0.002357,0.002403,135243,""
"14-08-2014",0.002763,0.00285,0.002482,0.00254,169177,""
"13-08-2014",0.002619,0.003215,0.00257,0.002773,256302,""
"12-08-2014",0.003592,0.003679,0.002503,0.002659,345441,""
"11-08-2014",0.004566,0.005065,0.003591,0.003591,479942,""
"10-08-2014",0.003497,0.00762,0.003363,0.004303,352737,""
"09-08-2014",0.002884,0.00371,0.002873,0.003481,233579,""
"08-08-2014",0.002493,0.003243,0.002493,0.002881,93708,""
"07-08-2014",0.002686,0.003042,0.002455,0.002501,142864,""
"06-08-2014",0.002373,0.003402,0.002266,0.002657,35820,""
"05-08-2014",0.002976,0.003387,0.002349,0.00244,30316,""
