Date,Search: EOS Story Count
11/1/18,1
10/31/18,1
10/30/18,1
10/29/18,1
10/26/18,2
10/25/18,1
10/24/18,4
10/23/18,1
10/22/18,1
10/19/18,1
10/18/18,2
10/17/18,1
10/16/18,1
10/15/18,3
10/12/18,2
10/11/18,1
10/10/18,1
10/9/18,1
10/5/18,2
10/4/18,1
10/3/18,1
10/2/18,3
10/1/18,5
9/28/18,1
9/27/18,1
9/26/18,2
9/25/18,1
9/24/18,4
9/21/18,1
9/20/18,1
9/19/18,2
9/18/18,3
9/17/18,1
9/14/18,2
9/13/18,2
9/12/18,3
9/11/18,4
9/10/18,4
9/7/18,1
9/6/18,1
9/5/18,13
9/4/18,1
8/31/18,4
8/30/18,2
8/29/18,1
8/28/18,1
8/27/18,1
8/24/18,4
8/23/18,2
8/22/18,1
8/21/18,1
8/20/18,1
8/17/18,1
8/16/18,2
8/15/18,3
8/14/18,5
8/13/18,9
8/10/18,1
8/9/18,2
8/8/18,5
8/7/18,1
8/6/18,1
8/3/18,2
8/2/18,4
8/1/18,1
7/31/18,2
7/30/18,1
7/27/18,2
7/26/18,2
7/25/18,1
7/24/18,1
7/23/18,2
7/20/18,2
7/19/18,1
7/18/18,2
7/17/18,12
7/16/18,26
7/13/18,1
7/12/18,1
7/11/18,2
7/10/18,2
7/9/18,1
7/6/18,1
7/5/18,2
7/3/18,1
7/2/18,2
6/29/18,3
6/28/18,3
6/27/18,4
6/26/18,3
6/25/18,3
6/22/18,1
6/21/18,3
6/20/18,4
6/19/18,0
6/18/18,0
6/15/18,1
6/14/18,2
6/13/18,0
6/12/18,3
6/11/18,2
6/8/18,1
6/7/18,2
6/6/18,3
6/5/18,5
6/4/18,1
6/1/18,3
5/31/18,0
5/30/18,1
5/29/18,3
5/25/18,0
5/24/18,5
5/23/18,3
5/22/18,7
5/21/18,0
5/18/18,0
5/17/18,0
5/16/18,0
5/15/18,4
5/14/18,0
5/11/18,0
5/10/18,1
5/9/18,3
5/8/18,2
5/7/18,0
5/4/18,5
5/3/18,1
5/2/18,2
5/1/18,3
4/30/18,0
4/27/18,2
4/26/18,0
4/25/18,0
4/24/18,4
4/23/18,2
4/20/18,4
4/19/18,5
4/18/18,2
4/17/18,2
4/16/18,2
4/13/18,1
4/12/18,6
4/11/18,2
4/10/18,4
4/9/18,7
4/6/18,1
4/5/18,0
4/4/18,0
4/3/18,0
4/2/18,0
3/29/18,0
3/28/18,0
3/27/18,0
3/26/18,1
3/23/18,0
3/22/18,0
3/21/18,1
3/20/18,3
3/19/18,1
3/16/18,0
3/15/18,0
3/14/18,3
3/13/18,4
3/12/18,0
3/9/18,3
3/8/18,1
3/7/18,1
3/6/18,0
3/5/18,0
3/2/18,7
3/1/18,1
2/28/18,0
2/27/18,5
2/26/18,0
2/23/18,1
2/22/18,1
2/21/18,0
2/20/18,1
2/16/18,0
2/15/18,2
2/14/18,1
2/13/18,3
2/12/18,1
2/9/18,2
2/8/18,0
2/7/18,0
2/6/18,1
2/5/18,0
2/2/18,2
2/1/18,1
1/31/18,1
1/30/18,3
1/29/18,0
1/26/18,2
1/25/18,0
1/24/18,1
1/23/18,1
1/22/18,3
1/19/18,0
1/18/18,2
1/17/18,2
1/16/18,0
1/12/18,1
1/11/18,1
1/10/18,1
1/9/18,2
1/8/18,0
1/5/18,0
1/4/18,1
1/3/18,2
1/2/18,0
12/29/17,3
12/28/17,2
12/27/17,3
12/26/17,0
12/22/17,3
12/21/17,0
12/20/17,5
12/19/17,1
12/18/17,0
12/15/17,1
12/14/17,1
12/13/17,2
12/12/17,3
12/11/17,2
12/8/17,1
12/7/17,0
12/6/17,2
12/5/17,3
12/4/17,1
12/1/17,0
11/30/17,0
11/29/17,2
11/28/17,0
11/27/17,15
11/24/17,29
11/22/17,15
11/21/17,11
11/20/17,1
11/17/17,3
11/16/17,1
11/15/17,0
11/14/17,2
11/13/17,0
11/10/17,0
11/9/17,4
11/8/17,2
11/7/17,4
11/6/17,2
11/3/17,1
11/2/17,1
11/1/17,0
10/31/17,0
10/30/17,2
10/27/17,1
10/26/17,1
10/25/17,0
10/24/17,2
10/23/17,1
10/20/17,3
10/19/17,0
10/18/17,0
10/17/17,4
10/16/17,0
10/13/17,0
10/12/17,0
10/11/17,2
10/10/17,2
10/6/17,0
10/5/17,1
10/4/17,1
10/3/17,1
10/2/17,2
9/29/17,2
9/28/17,1
9/27/17,0
9/26/17,3
9/25/17,0
9/22/17,0
9/21/17,0
9/20/17,2
9/19/17,0
9/18/17,1
9/15/17,1
9/14/17,0
9/13/17,1
9/12/17,2
9/11/17,0
9/8/17,0
9/7/17,5
9/6/17,6
9/5/17,0
9/1/17,2
8/31/17,1
8/30/17,0
8/29/17,1
8/28/17,0
8/25/17,2
8/24/17,2
8/23/17,0
8/22/17,0
8/21/17,1
8/18/17,0
8/17/17,0
8/16/17,1
8/15/17,2
8/14/17,1
8/11/17,1
8/10/17,1
8/9/17,1
8/8/17,0
8/7/17,1
8/4/17,2
8/3/17,0
8/2/17,3
8/1/17,1
7/31/17,0
7/28/17,1
7/27/17,0
7/26/17,1
7/25/17,4
7/24/17,4
7/21/17,1
7/20/17,0
7/19/17,5
7/18/17,0
7/17/17,1
7/14/17,0
7/13/17,0
7/12/17,2
7/11/17,1
7/10/17,0
7/7/17,1
7/6/17,0
7/5/17,0
7/3/17,0
6/30/17,0
6/29/17,2
6/28/17,0
6/27/17,2
6/26/17,1
6/23/17,2
6/22/17,7
6/21/17,2
6/20/17,1
6/19/17,4
6/16/17,1
6/15/17,0
6/14/17,0
6/13/17,0
6/12/17,0
6/9/17,2
6/8/17,0
6/7/17,1
6/6/17,0
6/5/17,2
6/2/17,2
6/1/17,0
5/31/17,1
5/30/17,1
5/26/17,1
5/25/17,1
5/24/17,3
5/23/17,1
5/22/17,0
5/19/17,3
5/18/17,14
5/17/17,18
5/16/17,2
5/15/17,1
5/12/17,0
5/11/17,3
5/10/17,2
5/9/17,47
5/8/17,3
5/5/17,3
5/4/17,1
5/3/17,0
5/2/17,1
5/1/17,2
4/28/17,4
4/27/17,1
4/26/17,7
4/25/17,9
4/24/17,4
4/21/17,3
4/20/17,4
4/19/17,0
4/18/17,1
4/17/17,1
4/13/17,1
4/12/17,4
4/11/17,3
4/10/17,2
4/7/17,2
4/6/17,0
4/5/17,2
4/4/17,1
4/3/17,2
3/31/17,0
3/30/17,2
3/29/17,0
3/28/17,1
3/27/17,1
3/24/17,1
3/23/17,1
3/22/17,2
3/21/17,1
3/20/17,1
3/17/17,1
3/16/17,0
3/15/17,0
3/14/17,1
3/13/17,4
3/10/17,3
3/9/17,1
3/8/17,2
3/7/17,1
3/6/17,3
3/3/17,1
3/2/17,1
3/1/17,0
2/28/17,6
2/27/17,2
2/24/17,1
2/23/17,3
2/22/17,0
2/21/17,1
2/17/17,0
2/16/17,0
2/15/17,1
2/14/17,1
2/13/17,1
2/10/17,0
2/9/17,3
2/8/17,1
2/7/17,1
2/6/17,1
2/3/17,3
2/2/17,2
2/1/17,0
1/31/17,1
1/30/17,4
1/27/17,0
1/26/17,1
1/25/17,1
1/24/17,2
1/23/17,2
1/20/17,1
1/19/17,0
1/18/17,8
1/17/17,4
1/13/17,4
1/12/17,3
1/11/17,0
1/10/17,1
1/9/17,0
1/6/17,0
1/5/17,0
1/4/17,0
1/3/17,2
12/30/16,0
12/29/16,1
12/28/16,2
12/27/16,1
12/23/16,1
12/22/16,1
12/21/16,0
12/20/16,1
12/19/16,1
12/16/16,1
12/15/16,0
12/14/16,0
12/13/16,1
12/12/16,3
12/9/16,3
12/8/16,0
12/7/16,1
12/6/16,1
12/5/16,2
12/2/16,2
12/1/16,0
11/30/16,0
11/29/16,2
11/28/16,9
11/25/16,8
11/23/16,2
11/22/16,3
11/21/16,7
11/18/16,1
11/17/16,0
11/16/16,4
11/15/16,2
11/14/16,4
11/10/16,0
11/9/16,0
11/8/16,1
11/7/16,6
11/4/16,5
11/3/16,2
11/2/16,0
11/1/16,5