"Date","Open","High","Low","Close","Volume","Market Cap"
"05-11-2018",111.98,112.89,109.5,111.34,14464400,1842495346
"04-11-2018",106.88,112.07,105.61,111.8,14673200,1849639813
"03-11-2018",105.77,107.39,104.89,106.87,10283100,1767794070
"02-11-2018",103.85,106.06,103.57,105.78,11916800,1717829905
"01-11-2018",104.04,105.56,102.81,103.88,10160300,1717803033
"31-10-2018",102.73,104.97,102.29,103.83,13314200,1716682801
"30-10-2018",101.45,102.74,101.04,102.55,15187300,1695263677
"29-10-2018",104.64,104.9,100.81,101.49,13488400,1677467227
"28-10-2018",104.14,106.58,102.12,104.98,19928900,1734870739
"27-10-2018",104.91,105.04,103.78,103.9,16064700,1716756671
"26-10-2018",106.22,106.66,104.78,105.02,14102000,1734978826
"25-10-2018",106.96,106.96,105.09,106.32,12371700,1756176716
"24-10-2018",108.08,109.09,106.56,106.95,11786500,1766289605
"23-10-2018",105.48,109.75,105.47,108.44,20239100,1790606440
"22-10-2018",105.0,106.05,104.05,105.46,15874800,1741135856
"21-10-2018",103.84,106.14,103.43,105.1,13189200,1734894272
"20-10-2018",103.76,104.72,103.36,103.78,14535300,1712027033
"19-10-2018",102.91,104.66,102.63,103.72,18523600,1711037231
"18-10-2018",105.54,106.62,102.08,102.91,23064100,1697674908
"17-10-2018",107.65,107.83,104.69,105.36,22030600,1738091812
"16-10-2018",107.2,108.33,105.92,107.39,19815100,1771327518
"15-10-2018",100.84,111.27,99.31,107.11,35911700,1766429367
"14-10-2018",102.15,103.35,100.81,100.91,13930300,1663911807
"13-10-2018",100.68,102.99,100.68,102.14,12537800,1683917815
"12-10-2018",100.07,103.64,99.68,100.71,14421900,1660076282
"11-10-2018",113.58,114.17,100.38,100.38,24185900,1654351193
"10-10-2018",113.59,113.67,111.03,113.46,164644000,1869605739
"09-10-2018",114.37,114.93,112.84,113.67,36076800,1872766336
"08-10-2018",113.57,116.27,112.72,114.28,107293000,1882514118
"07-10-2018",115.24,115.33,112.63,113.72,25004000,1872987309
"06-10-2018",114.92,115.3,113.41,115.07,22917000,1894916045
"05-10-2018",114.47,115.1,113.62,114.88,20766400,1891474368
"04-10-2018",114.74,116.26,113.45,114.53,25737300,1885377235
"03-10-2018",116.79,117.6,112.11,114.69,24600100,1887545904
"02-10-2018",114.4,119.82,112.81,116.83,31906300,1922628862
"01-10-2018",115.67,117.01,113.11,114.52,20659400,1884283475
"30-09-2018",114.89,116.72,114.08,116.26,26235500,1912622490
"29-09-2018",117.0,117.04,112.46,114.86,34176800,1889265710
"28-09-2018",119.35,121.55,115.9,117.06,35421800,1925125435
"27-09-2018",115.12,121.08,113.88,119.25,38769800,1960811195
"26-09-2018",116.45,117.58,113.2,115.59,29067600,1900313825
"25-09-2018",115.4,116.4,111.93,116.4,30107600,1913317851
"24-09-2018",122.34,123.23,115.13,115.48,32909400,1897872569
"23-09-2018",122.27,127.71,120.82,122.5,53467200,2012898001
"22-09-2018",123.54,125.21,118.0,122.22,29282500,2007791628
"21-09-2018",116.13,124.24,115.77,123.74,46774300,2032580664
"20-09-2018",109.53,116.3,109.53,116.28,37921600,1909731682
"19-09-2018",112.49,112.93,106.06,109.51,35204700,1798242288
"18-09-2018",106.61,113.0,104.58,112.45,35111400,1846199440
"17-09-2018",117.5,120.21,107.19,107.19,40377800,1759546318
"16-09-2018",118.77,118.77,113.78,117.04,34245700,1920896746
"15-09-2018",116.72,122.22,116.38,119.4,38659300,1959301125
"14-09-2018",112.13,117.37,109.85,116.97,43837300,1919106202
"13-09-2018",104.6,116.13,104.6,112.03,42702500,1837906503
"12-09-2018",105.85,106.01,97.58,104.32,37938300,1710966534
"11-09-2018",106.0,109.2,102.17,105.64,32241000,1732320755
"10-09-2018",105.97,109.15,104.46,105.64,33801900,1732012410
"09-09-2018",104.29,110.73,101.46,106.22,38884300,1741239824
"08-09-2018",111.89,114.94,102.17,104.33,29966300,1709957365
"07-09-2018",117.2,119.75,110.97,111.88,34706300,1833388778
"06-09-2018",115.55,117.97,108.82,117.49,47806200,1924973099
"05-09-2018",137.88,140.1,115.06,115.06,54877800,1884835802
"04-09-2018",135.14,139.79,134.86,137.95,52929600,2259405325
"03-09-2018",120.11,135.58,119.27,135.56,53805800,2219719888
"02-09-2018",120.99,124.92,116.67,120.5,35711900,1972912909
"01-09-2018",116.28,124.19,115.58,120.97,52810000,1980274872
"31-08-2018",103.2,117.49,102.98,116.66,57364500,1909373563
"30-08-2018",103.7,105.99,97.17,102.81,35257200,1682399333
"29-08-2018",107.63,108.13,101.34,103.55,19745900,1694202196
"28-08-2018",104.54,107.75,102.59,107.52,22513800,1758850598
"27-08-2018",95.27,104.63,93.55,104.53,28849600,1709634586
"26-08-2018",92.8,95.3,91.3,95.3,46481300,1558403784
"25-08-2018",93.66,96.33,92.1,92.54,17631600,1512992091
"24-08-2018",90.2,94.27,88.63,93.76,29263100,1532673687
"23-08-2018",89.87,91.38,88.9,90.06,19364700,1471929301
"22-08-2018",94.95,98.56,88.33,90.08,21752000,1472004212
"21-08-2018",93.2,96.51,92.25,94.92,21602300,1550815798
"20-08-2018",98.4,102.05,93.37,93.37,22207700,1525223825
"19-08-2018",98.21,98.86,95.0,98.42,17273400,1607423850
"18-08-2018",99.41,104.9,95.1,98.17,29601700,1603056752
"17-08-2018",91.01,101.16,90.83,99.2,25798500,1619585014
"16-08-2018",89.35,92.65,88.95,91.08,20515800,1486749514
"15-08-2018",84.59,94.02,84.59,89.55,23635100,1461520481
"14-08-2018",88.03,88.03,79.24,84.18,31742700,1369331281
"13-08-2018",93.18,97.4,88.13,88.24,25503900,1435374106
"12-08-2018",93.49,95.62,92.15,93.21,18323700,1516219633
"11-08-2018",92.18,96.99,88.09,93.62,30488100,1522888982
"10-08-2018",100.47,101.16,90.82,91.72,23751500,1491982241
"09-08-2018",94.72,101.94,94.72,100.53,24062700,1635291918
"08-08-2018",108.04,108.04,93.4,94.53,31289400,1537691684
"07-08-2018",114.09,117.8,108.04,108.04,24304400,1757454877
"06-08-2018",117.48,119.88,112.68,113.55,21437100,1846921758
"05-08-2018",114.06,117.68,111.99,117.27,20136800,1907596570
"04-08-2018",120.16,121.03,113.46,113.99,19018600,1854241776
"03-08-2018",122.55,122.55,115.45,120.02,22482600,1952330011
"02-08-2018",128.04,130.5,121.08,122.79,24394700,1997388786
"01-08-2018",122.27,129.4,119.94,128.15,31815200,2084578328
"31-07-2018",131.56,134.15,121.4,122.32,31704100,1989743434
"30-07-2018",135.57,135.7,128.95,131.8,28947100,2143704585
"29-07-2018",139.7,141.35,134.63,135.36,29691600,2201607379
"28-07-2018",140.11,141.27,138.46,139.4,23366000,2267317292
"27-07-2018",136.82,142.07,135.06,140.06,27555400,2278010695
"26-07-2018",142.98,144.63,135.96,136.81,30321500,2224738486
"25-07-2018",145.89,148.3,138.41,142.74,32155300,2320745471
"24-07-2018",133.84,148.01,132.5,147.4,41505800,2396068994
"23-07-2018",128.54,140.03,128.54,133.57,54845300,2170863156
"22-07-2018",131.88,133.28,127.98,128.72,34691600,2091657948
"21-07-2018",129.82,132.62,127.58,132.13,22586300,2146656580
"20-07-2018",139.55,139.55,128.82,130.17,37618500,2114418184
"19-07-2018",139.6,143.68,138.55,139.53,30172600,2266057989
"18-07-2018",144.07,149.36,138.12,139.77,30846300,2269520867
"17-07-2018",135.18,146.96,134.99,144.07,40091900,2338926255
"16-07-2018",123.98,135.38,122.94,135.27,33018400,2195633602
"15-07-2018",123.13,125.87,121.67,123.96,22403800,2011670308
"14-07-2018",122.4,123.82,121.05,123.22,20547700,1999271658
"13-07-2018",120.82,124.65,120.66,122.53,23792500,1987706924
"12-07-2018",125.45,126.11,118.14,120.24,28289200,1950207901
"11-07-2018",121.52,129.87,121.52,125.39,35463900,2033345485
"10-07-2018",135.6,136.86,121.42,121.48,31309100,1969547273
"09-07-2018",137.93,141.16,135.48,135.73,33160900,2200198541
"08-07-2018",135.28,140.01,134.49,138.12,25550900,2238506796
"07-07-2018",133.83,135.63,130.73,135.61,27346900,2197398924
"06-07-2018",138.38,139.08,131.25,134.04,32393700,2171551008
"05-07-2018",139.24,141.22,134.87,138.75,33014500,2247451669
"04-07-2018",138.6,146.5,137.21,138.4,31732500,2241345856
"03-07-2018",140.12,143.93,137.0,138.46,33954300,2241894429
"02-07-2018",130.26,142.86,128.34,140.5,41012600,2274489492
"01-07-2018",131.05,133.8,126.12,129.77,32338800,2100378744
"30-06-2018",126.71,135.1,126.69,131.01,33426400,2120032473
"29-06-2018",117.3,127.84,115.48,126.78,34762700,2051193196
"28-06-2018",128.85,133.99,114.87,115.81,48284400,1873323920
"27-06-2018",120.63,130.26,119.7,128.71,39016100,2081601200
"26-06-2018",126.72,129.62,120.73,120.82,35735700,1953643950
"25-06-2018",121.18,129.53,120.96,126.76,37688900,2049281498
"24-06-2018",115.15,124.4,109.01,121.29,45338000,1960456821
"23-06-2018",110.68,119.27,109.98,115.38,33435900,1864561135
"22-06-2018",123.46,123.85,107.46,110.6,40058500,1786973762
"21-06-2018",122.49,124.08,121.45,123.61,29272800,1996777727
"20-06-2018",126.18,126.35,119.92,122.55,33876600,1979289431
"19-06-2018",127.38,130.15,124.76,126.22,34054800,2038147760
"18-06-2018",123.82,129.04,120.42,127.43,32087200,2057293806
"17-06-2018",126.97,127.18,123.31,124.06,29247600,2002491621
"16-06-2018",121.75,128.23,121.68,126.83,31221300,2046775016
"15-06-2018",132.85,133.32,122.78,122.78,35999400,1981047402
"14-06-2018",121.94,133.56,118.85,132.94,44929500,2144563069
"13-06-2018",125.88,126.46,113.62,121.85,44354400,1965263966
"12-06-2018",138.46,138.46,121.15,125.66,36656700,2026302881
"11-06-2018",139.55,140.19,132.83,138.04,32508500,2225503949
"10-06-2018",154.99,154.99,132.09,139.51,46671000,2248762237
"09-06-2018",158.52,160.04,154.96,154.96,29964000,2497322419
"08-06-2018",164.07,165.24,157.21,158.7,36063500,2557074222
"07-06-2018",164.68,171.09,163.06,163.91,40588500,2640498225
"06-06-2018",167.15,167.8,162.08,164.61,41766300,2651254970
"05-06-2018",160.31,168.69,157.44,167.19,40491500,2692267791
"04-06-2018",169.07,170.51,157.84,160.09,39320200,2577402707
"03-06-2018",162.66,176.11,162.66,169.35,44074900,2725935294
"02-06-2018",157.59,167.27,156.25,162.65,40011500,2617597341
"01-06-2018",155.89,158.55,152.87,157.54,29047300,2534859656
"31-05-2018",154.56,159.17,154.31,155.52,35146100,2501862145
"30-05-2018",157.6,161.27,152.87,155.23,23704800,2496673973
"29-05-2018",150.04,166.33,147.93,157.57,51033600,2533793218
"28-05-2018",166.23,168.22,149.74,149.96,38161100,2410935561
"27-05-2018",164.47,170.17,161.17,166.08,32033800,2669571166
"26-05-2018",164.84,168.6,162.99,164.55,17384600,2644447397
"25-05-2018",171.66,173.66,162.92,164.72,26129900,2646613991
"24-05-2018",171.21,177.51,160.85,171.49,44489500,2754852623
"23-05-2018",175.8,179.53,166.33,171.54,49136900,2755112949
"22-05-2018",198.64,198.95,176.27,176.27,51057500,2830484613
"21-05-2018",203.83,203.83,194.91,198.74,34791200,3190660600
"20-05-2018",197.79,205.31,196.6,203.45,34040600,3265647298
"19-05-2018",203.62,204.21,197.2,197.57,31524400,3170587007
"18-05-2018",193.02,211.53,187.24,204.05,58532500,3273902077
"17-05-2018",199.34,204.69,192.92,192.99,44934200,3095825870
"16-05-2018",204.87,205.11,193.21,199.21,46385200,3194945098
"15-05-2018",214.69,218.83,203.04,205.17,56849200,3289843587
"14-05-2018",210.19,219.12,197.33,215.04,56526000,3447396529
"13-05-2018",202.05,213.78,202.05,209.58,32021800,3359181067
"12-05-2018",197.57,205.73,192.06,201.96,32938200,3236355739
"11-05-2018",218.48,218.48,197.65,197.74,48447300,3168080696
"10-05-2018",227.21,233.27,218.21,218.22,36197200,3495480743
"09-05-2018",223.82,232.48,216.97,227.52,41903700,3643704016
"08-05-2018",233.22,234.57,220.23,223.35,33703600,3576166405
"07-05-2018",235.74,235.84,222.75,233.07,44546500,3731017115
"06-05-2018",240.88,242.44,232.6,235.49,50393500,3768979955
"05-05-2018",241.23,245.48,239.72,240.78,73154304,3852863485
"04-05-2018",246.68,248.4,238.9,241.53,77875600,3864038599
"03-05-2018",249.34,257.62,242.95,245.98,115162000,3934440831
"02-05-2018",239.94,252.72,238.84,249.66,83039296,3992464848
"01-05-2018",242.45,242.45,229.56,240.26,71420800,3841343353
"30-04-2018",256.35,259.07,239.08,242.46,103574000,3875646153
"29-04-2018",260.91,262.91,244.05,256.87,92297200,4105167283
"28-04-2018",251.77,265.51,251.55,261.51,84646704,4178420865
"27-04-2018",267.29,268.63,251.88,251.88,93178896,4023700137
"26-04-2018",258.09,277.25,250.21,268.27,153394000,4284636731
"25-04-2018",293.56,293.56,249.15,257.14,157435008,4106002127
"24-04-2018",282.18,298.08,280.24,296.04,141852000,4726155977
"23-04-2018",270.81,287.11,270.81,283.3,110600000,4521764825
"22-04-2018",257.32,283.99,250.24,271.3,142363008,4329318508
"21-04-2018",271.41,271.41,240.04,258.18,89939200,4118682807
"20-04-2018",239.01,271.98,238.51,271.98,128551000,4338318542
"19-04-2018",228.41,239.01,225.98,238.61,89253400,3805176370
"18-04-2018",195.83,232.72,195.83,228.35,180248992,3640830024
"17-04-2018",194.41,202.07,193.45,195.75,39801200,3120350019
"16-04-2018",200.5,203.01,189.36,194.1,41090800,3093384516
"15-04-2018",190.91,203.93,190.91,200.62,50712700,3196592757
"14-04-2018",188.64,197.19,188.15,190.42,42979700,3033400919
"13-04-2018",192.04,201.17,186.77,188.87,56740700,3008036210
"12-04-2018",168.92,191.94,166.3,191.94,62352400,3056267691
"11-04-2018",165.55,169.16,164.53,169.16,41345600,2692995239
"10-04-2018",167.06,167.38,164.4,165.57,31208400,2635244347
"09-04-2018",174.05,179.13,164.26,167.07,24546500,2658557053
"08-04-2018",169.99,174.15,169.3,173.97,24114000,2767635403
"07-04-2018",162.27,172.74,162.27,170.12,30577500,2705802663
"06-04-2018",172.41,175.37,161.92,162.0,42452500,2576531809
"05-04-2018",170.05,174.89,164.8,173.31,40641000,2756116013
"04-04-2018",189.4,189.47,169.1,170.1,39301200,2704464725
"03-04-2018",177.57,191.1,177.57,189.54,36809600,3012862574
"02-04-2018",175.87,181.52,175.06,177.51,27927800,2820998255
"01-04-2018",178.78,182.11,165.25,175.51,31024200,2788652799
"31-03-2018",172.53,181.97,171.54,179.56,22220300,2852327629
"30-03-2018",176.0,180.41,162.99,172.36,41887500,2737325429
"29-03-2018",199.31,200.83,174.64,176.86,53055600,2808222163
"28-03-2018",187.47,201.52,186.32,199.16,44833300,3161610394
"27-03-2018",196.85,197.9,184.58,187.93,53498800,2982664705
"26-03-2018",211.79,212.68,188.55,197.18,37329600,3128773962
"25-03-2018",207.32,214.4,203.02,211.78,23409900,3359709136
"24-03-2018",215.37,217.24,208.7,209.16,24099100,3317397599
"23-03-2018",212.47,214.33,199.17,213.91,39365700,3391960303
"22-03-2018",218.56,223.68,204.9,212.71,40394500,3372204422
"21-03-2018",224.26,235.9,215.29,218.63,57121400,3465286899
"20-03-2018",217.94,233.27,206.96,223.74,60005900,3545465430
"19-03-2018",210.33,222.0,202.38,216.77,67314400,3434195371
"18-03-2018",197.43,209.63,175.08,209.63,75859904,3320360461
"17-03-2018",215.49,215.84,193.9,197.91,48877500,3134020424
"16-03-2018",213.21,222.38,203.9,215.7,62972500,3414946402
"15-03-2018",215.84,225.96,198.73,213.31,75798000,3376295808
"14-03-2018",248.32,251.83,208.29,215.56,75383296,3411189460
"13-03-2018",258.22,266.35,246.19,248.07,69264496,3924786587
"12-03-2018",282.43,287.09,251.83,259.42,66680300,4103374127
"11-03-2018",256.67,287.17,248.41,282.35,73755400,4465026622
"10-03-2018",290.72,295.79,255.81,257.04,78431696,4063883098
"09-03-2018",277.61,288.09,243.51,288.09,155072000,4553784579
"08-03-2018",338.13,338.13,276.95,278.64,128424000,4403390931
"07-03-2018",346.24,364.75,320.85,339.15,162103008,5358428937
"06-03-2018",368.89,368.89,342.47,346.4,93212704,5471616229
"05-03-2018",369.06,379.68,355.99,373.25,130898000,5894377478
"04-03-2018",351.75,369.07,338.75,368.97,123113000,5825576331
"03-03-2018",346.02,374.72,344.2,352.95,196022000,5571292582
"02-03-2018",313.52,351.39,310.82,344.73,170634000,5440176308
"01-03-2018",286.03,315.67,284.23,314.04,62044300,4954781563
"28-02-2018",301.54,305.75,285.58,285.7,47981800,4506605367
"27-02-2018",295.06,309.1,288.24,302.54,64821400,4771035618
"26-02-2018",282.28,300.33,271.47,293.61,53939200,4629196607
"25-02-2018",273.03,284.04,266.26,281.02,33676300,4429723585
"24-02-2018",285.68,295.49,265.23,273.79,62206300,4314759977
"23-02-2018",280.41,299.44,269.35,285.71,89026304,4501503825
"22-02-2018",320.63,327.28,279.8,282.76,103123000,4453959016
"21-02-2018",302.39,339.69,287.72,322.61,169590000,5080564225
"20-02-2018",316.99,321.73,303.79,304.4,71114704,4792630421
"19-02-2018",299.7,319.73,297.65,316.49,67482400,4981765908
"18-02-2018",325.96,327.77,294.42,300.12,68135104,4723000091
"17-02-2018",296.0,334.71,293.13,325.67,134268992,5123868989
"16-02-2018",301.01,302.1,280.22,296.48,64320200,4663442165
"15-02-2018",276.08,304.78,269.32,303.25,85772704,4768819926
"14-02-2018",234.34,276.66,234.34,276.66,116137000,4349719439
"13-02-2018",247.99,248.88,230.02,234.69,46476400,3689011128
"12-02-2018",229.87,251.41,229.87,247.57,45760100,3890492842
"11-02-2018",249.44,249.44,219.23,229.49,51680100,3605502039
"10-02-2018",260.59,271.82,243.91,250.03,76435296,3927215224
"09-02-2018",247.82,260.84,233.43,260.43,77557200,4089622714
"08-02-2018",207.77,253.12,207.77,247.22,81312200,3881310519
"07-02-2018",210.73,231.25,191.86,207.27,64730900,3253299482
"06-02-2018",180.87,213.46,149.41,212.29,100344000,3331219395
"05-02-2018",219.04,221.74,167.14,179.49,77454496,2815825299
"04-02-2018",251.97,257.39,214.79,221.05,48981700,3466985573
"03-02-2018",236.51,256.98,215.6,251.59,55887100,3945095571
"02-02-2018",240.84,249.27,184.94,235.63,122696000,3693862145
"01-02-2018",273.88,279.78,228.39,240.96,73082704,3776547051
"31-01-2018",274.9,284.02,265.28,272.89,67649504,4275908785
"30-01-2018",317.36,318.01,268.68,274.02,93182600,4292556070
"29-01-2018",331.77,336.69,314.05,316.63,55323000,4958784782
"28-01-2018",322.96,337.16,322.96,332.17,75700896,5200853735
"27-01-2018",325.3,332.83,310.45,321.36,66614100,5030269900
"26-01-2018",316.6,328.78,292.48,323.68,91052800,5065448040
"25-01-2018",322.17,328.0,306.59,317.1,76537296,4961167397
"24-01-2018",308.92,323.19,299.46,317.4,92263600,4964731065
"23-01-2018",315.3,321.7,285.61,308.46,116898000,4823673232
"22-01-2018",348.91,356.04,288.79,315.9,116893000,4938773770
"21-01-2018",384.53,389.11,336.01,345.08,126395000,5393684020
"20-01-2018",367.64,403.49,358.77,383.79,240595008,5997125855
"19-01-2018",314.13,367.96,309.54,364.62,199852000,5696357534
"18-01-2018",320.6,347.11,303.35,316.47,152851008,4942828937
"17-01-2018",318.93,332.12,240.36,319.19,192936992,4984016047
"16-01-2018",415.93,418.99,261.2,320.04,283036000,4996145397
"15-01-2018",396.02,444.34,392.37,414.57,264782000,6470253895
"14-01-2018",420.34,444.01,384.3,399.52,180678000,6233774955
"13-01-2018",393.04,433.35,393.04,420.05,248704992,6552464202
"12-01-2018",358.62,394.78,347.32,394.78,158188992,6156669112
"11-01-2018",406.08,415.9,346.69,355.59,187722000,5544135116
"10-01-2018",413.25,419.07,370.52,407.74,265152000,6355594211
"09-01-2018",403.71,447.61,398.53,413.33,522438016,6441081109
"08-01-2018",458.35,469.7,357.54,405.07,220924000,6310649102
"07-01-2018",456.15,495.84,453.39,459.33,262443008,7154321075
"06-01-2018",385.36,452.77,380.21,452.77,235391008,7050351983
"05-01-2018",402.38,407.04,373.89,384.94,182618000,5992646344
"04-01-2018",414.41,419.72,383.54,403.05,166108000,6272919818
"03-01-2018",382.74,418.26,378.86,412.06,180190000,6411538499
"02-01-2018",359.06,387.79,359.06,383.42,224768992,5964446372
"01-01-2018",349.55,363.79,336.98,358.99,110244000,5581120937
"31-12-2017",329.0,356.77,327.41,349.03,101667000,5426275496
"30-12-2017",378.52,378.52,319.61,330.8,140463008,5141848285
"29-12-2017",381.3,387.56,358.07,377.37,173824992,5864298025
"28-12-2017",422.51,422.51,359.49,378.9,162716992,5884023974
"27-12-2017",381.3,442.6,381.3,421.85,250742000,6551004258
"26-12-2017",361.08,384.77,357.27,381.54,161342000,5924390504
"25-12-2017",339.69,365.87,323.2,360.78,119632000,5600574983
"24-12-2017",391.02,391.02,297.09,337.06,134675008,5231008879
"23-12-2017",349.76,417.65,344.38,382.04,190116992,5923639020
"22-12-2017",419.53,423.42,255.67,346.11,334616992,5366534136
"21-12-2017",470.29,470.29,390.55,417.98,354020992,6480898957
"20-12-2017",375.71,476.4,329.95,469.2,498648000,7274184728
"19-12-2017",381.07,406.03,346.94,377.24,317292000,5846941333
"18-12-2017",353.07,381.51,332.09,381.51,217306000,5911576610
"17-12-2017",328.06,365.24,327.27,351.37,278704992,5443136127
"16-12-2017",312.61,331.54,311.71,327.32,164860992,5067493048
"15-12-2017",325.61,326.08,296.08,312.32,163054000,4835266494
"14-12-2017",303.26,335.53,301.4,325.21,261052992,5033742809
"13-12-2017",307.43,330.35,284.74,305.74,248583008,4731132765
"12-12-2017",281.49,319.9,281.19,308.07,271785984,4759444871
"11-12-2017",244.95,281.03,244.14,279.67,152496992,4320686685
"10-12-2017",262.9,262.9,220.77,245.33,142120000,3790160062
"09-12-2017",277.27,281.4,250.39,262.53,161152000,4055886851
"08-12-2017",281.31,284.86,250.65,276.74,201496992,4275420436
"07-12-2017",277.87,300.32,263.17,280.86,299528000,4339071271
"06-12-2017",268.16,316.67,260.61,278.68,543884032,4304403903
"05-12-2017",211.13,272.64,208.89,269.48,352326016,4161083495
"04-12-2017",199.56,210.24,192.04,210.24,74534400,3244659071
"03-12-2017",203.37,209.09,191.25,200.05,111303000,3087384087
"02-12-2017",190.83,205.26,186.68,203.03,80791104,3132514326
"01-12-2017",179.72,191.85,169.76,190.94,70430496,2945159626
"30-11-2017",170.49,195.39,156.53,180.14,128112000,2777814243
"29-11-2017",203.91,214.27,165.33,168.15,178828000,2591497372
"28-11-2017",175.35,203.21,173.17,203.21,179179008,3131835747
"27-11-2017",162.92,173.39,159.95,173.39,81489696,2671558471
"26-11-2017",168.57,168.72,159.76,163.37,61100400,2516504509
"25-11-2017",159.99,170.1,159.99,168.44,64076700,2593878413
"24-11-2017",158.62,162.94,156.76,160.03,69178000,2463731906
"23-11-2017",166.11,172.92,156.45,158.61,109392000,2441188157
"22-11-2017",142.08,173.45,141.14,165.95,189472000,2553477031
"21-11-2017",136.1,142.21,131.37,141.74,72701504,2179674337
"20-11-2017",129.5,140.55,128.49,135.76,59945400,2087714039
"19-11-2017",130.72,133.62,127.21,129.48,42133000,1990658960
"18-11-2017",126.6,135.01,123.53,130.8,62156400,2010389200
"17-11-2017",120.01,126.7,119.25,126.7,47127700,1946821108
"16-11-2017",121.24,128.09,118.5,120.31,74944096,1848138346
"15-11-2017",122.24,124.72,119.19,121.37,49976700,1863896227
"14-11-2017",123.62,124.2,118.63,122.35,53544800,1878416788
"13-11-2017",128.96,136.53,120.92,123.4,116200000,1893676518
"12-11-2017",119.6,133.68,110.62,123.86,144948000,1900592760
"11-11-2017",105.75,127.11,103.88,119.62,107708000,1834986727
"10-11-2017",121.34,121.67,101.76,105.59,84614000,1619340284
"09-11-2017",112.53,123.4,112.22,120.78,86864600,1851746657
"08-11-2017",99.82,115.94,99.14,113.32,79822896,1736890941
"07-11-2017",104.23,104.75,95.05,99.76,81253296,1528614361
"06-11-2017",86.42,102.92,86.15,102.92,103722000,1576622046
"05-11-2017",87.31,88.04,86.04,86.35,27619800,1322404753
"04-11-2017",87.9,88.48,85.5,87.3,23011500,1336565242
"03-11-2017",83.53,90.14,83.53,87.99,37321100,1346763586
"02-11-2017",85.66,86.08,81.68,83.76,48608100,1281650703
"01-11-2017",87.65,88.2,84.73,85.72,36899300,1311292245
"31-10-2017",88.75,89.33,87.6,87.64,28704900,1340283967
"30-10-2017",88.59,90.49,88.04,88.84,28179100,1358248605
"29-10-2017",86.27,90.36,86.27,88.65,38368700,1354970307
"28-10-2017",86.91,87.76,85.71,86.31,25397400,1318808164
"27-10-2017",88.58,89.19,86.43,86.75,27939000,1325171159
"26-10-2017",88.17,89.87,88.02,88.58,23132200,1352755941
"25-10-2017",88.49,101.29,85.82,88.13,59952100,1345490121
"24-10-2017",85.16,92.35,83.47,88.4,42191100,1349226606
"23-10-2017",86.48,86.92,82.89,85.21,26261800,1300163581
"22-10-2017",88.18,89.04,85.52,86.58,27130000,1320681414
"21-10-2017",90.41,90.41,86.58,88.12,25267200,1343782012
"20-10-2017",88.71,92.73,88.07,90.54,38260700,1380282915
"19-10-2017",89.66,92.48,87.91,88.62,35302300,1350623715
"18-10-2017",91.19,91.26,86.54,89.54,36277100,1364268168
"17-10-2017",95.93,96.94,90.72,91.28,43866200,1390381889
"16-10-2017",94.99,97.97,93.05,95.9,32185000,1460336356
"15-10-2017",99.94,100.81,91.6,94.87,34188200,1444228752
"14-10-2017",95.06,103.13,93.73,100.23,38886100,1524757034
"13-10-2017",87.23,96.77,85.53,95.13,63578800,1447172869
"12-10-2017",87.56,88.63,86.46,87.09,32783200,1324627806
"11-10-2017",86.74,88.25,85.8,87.42,21103400,1329273373
"10-10-2017",85.61,88.41,84.27,86.82,31695500,1319741871
"09-10-2017",89.74,90.12,83.76,85.49,38063700,1299151337
"08-10-2017",91.39,92.2,89.74,89.77,29220800,1363810608
"07-10-2017",90.94,92.05,89.57,91.7,22617600,1392717649
"06-10-2017",91.91,92.94,90.23,91.19,24504100,1384547607
"05-10-2017",90.49,92.45,88.14,91.86,27697400,1393835628
"04-10-2017",92.95,93.65,89.05,90.41,29568100,1371834086
"03-10-2017",91.52,94.81,87.21,92.96,44289800,1410177515
"02-10-2017",93.56,93.8,90.98,91.54,27534700,1388231756
"01-10-2017",95.59,95.74,91.77,93.22,25936500,1413271070
"30-09-2017",94.44,96.33,94.07,95.76,28498000,1451347772
"29-09-2017",97.3,97.78,91.22,94.5,38972400,1431836868
"28-09-2017",100.97,101.14,95.48,97.23,41822000,1472760795
"27-09-2017",92.75,102.91,92.64,101.04,51634900,1529997545
"26-09-2017",93.81,95.31,91.6,93.13,32540800,1409808181
"25-09-2017",89.37,94.23,89.12,93.64,28114300,1417095773
"24-09-2017",91.76,91.81,88.0,89.5,22224000,1354040927
"23-09-2017",88.03,92.12,86.96,91.85,26372900,1389164734
"22-09-2017",86.17,89.54,84.33,88.17,28179100,1331799524
"21-09-2017",95.33,95.75,85.17,86.24,34290500,1302647056
"20-09-2017",97.64,98.09,93.37,95.57,34198900,1443575825
"19-09-2017",100.83,101.28,93.7,97.72,48249700,1476051372
"18-09-2017",93.81,102.02,93.81,100.57,63732100,1518727084
"17-09-2017",94.97,96.36,89.22,93.74,41008200,1415181942
"16-09-2017",100.11,106.12,91.41,95.29,71163504,1438142247
"15-09-2017",83.13,103.69,73.17,99.85,176154000,1506509754
"14-09-2017",111.29,120.39,82.65,83.04,133553000,1252514255
"13-09-2017",111.81,113.16,102.39,111.33,88162896,1678668285
"12-09-2017",112.72,115.69,110.49,111.89,40402700,1686620234
"11-09-2017",113.05,116.24,110.47,112.75,30605900,1699051158
"10-09-2017",115.64,115.77,103.17,112.33,50725200,1692192833
"09-09-2017",118.19,119.73,113.17,116.27,39220400,1751020320
"08-09-2017",120.28,132.57,113.3,118.04,159066000,1777137861
"07-09-2017",121.39,124.76,116.6,120.84,62655700,1818707442
"06-09-2017",118.79,122.31,114.32,121.63,64604400,1830006238
"05-09-2017",106.75,122.63,95.81,118.82,113378000,1787182296
"04-09-2017",126.23,126.23,101.73,106.17,89194704,1596404839
"03-09-2017",124.93,129.29,115.74,126.01,92631104,1894140827
"02-09-2017",141.35,141.4,121.96,124.8,128849000,1875385652
"01-09-2017",140.65,150.09,136.49,141.2,163960992,2121172849
"31-08-2017",131.95,141.97,131.21,140.41,131974000,2108613399
"30-08-2017",133.85,135.83,124.06,132.38,106543000,1987368496
"29-08-2017",144.24,144.49,128.02,133.04,104869000,1996714025
"28-08-2017",130.76,154.58,129.06,145.4,216036000,2181295078
"27-08-2017",137.6,138.88,124.81,130.68,92742200,1960044156
"26-08-2017",107.46,148.36,105.29,138.05,301843008,2064348136
"25-08-2017",86.47,108.36,85.34,108.26,95835696,1618879603
"24-08-2017",90.35,93.77,79.35,86.29,70187104,1290348429
"23-08-2017",91.01,99.71,85.51,90.33,84961904,1350761080
"22-08-2017",77.99,95.51,72.53,91.16,150286000,1363172590
"21-08-2017",54.67,95.08,52.87,77.82,238775008,1163691213
"20-08-2017",55.79,56.05,51.8,54.71,15702600,818112905
"19-08-2017",46.97,58.03,46.97,55.96,27038800,836804938
"18-08-2017",47.37,48.93,46.22,46.69,14517200,698184820
"17-08-2017",48.82,49.46,47.05,47.45,11176000,709345327
"16-08-2017",48.77,49.09,47.03,48.78,12423400,728995652
"15-08-2017",49.97,50.16,45.72,48.74,13651100,728154470
"14-08-2017",47.69,49.75,46.63,49.75,14023000,743015333
"13-08-2017",49.38,50.15,45.46,47.76,19587800,713056064
"12-08-2017",50.85,51.57,46.34,49.37,17349200,736852634
"11-08-2017",49.31,51.56,48.93,50.65,8534390,755728866
"10-08-2017",50.94,51.29,49.47,49.47,9147740,737877892
"09-08-2017",51.94,53.34,49.74,50.96,11466600,759847436
"08-08-2017",50.4,52.64,49.93,51.94,12471600,774207687
"07-08-2017",47.67,50.21,47.24,50.21,12794900,748168431
"06-08-2017",48.57,49.18,47.36,47.83,8254240,712453098
"05-08-2017",45.18,49.49,45.18,48.58,12131400,723408507
"04-08-2017",43.36,45.32,42.97,45.12,7794340,671659793
"03-08-2017",43.8,44.31,43.23,43.36,8262040,645246680
"02-08-2017",44.08,44.78,42.78,43.63,8111580,649043141
"01-08-2017",39.88,45.04,39.81,44.15,17363300,656570600
"31-07-2017",39.67,40.68,38.94,39.84,13138500,592282836
"30-07-2017",43.95,43.95,39.55,39.62,11709500,588811871
"29-07-2017",43.69,44.37,42.19,43.89,7053810,652058402
"28-07-2017",45.29,45.79,42.74,43.96,18694500,652878499
"27-07-2017",45.92,46.74,43.93,45.24,15960700,671674582
"26-07-2017",40.73,46.44,38.6,45.8,26033100,679765260
"25-07-2017",45.55,45.84,38.24,40.68,12706300,603557137
"24-07-2017",42.66,45.76,41.86,45.58,12102100,676020929
"23-07-2017",44.64,44.78,41.44,42.67,8634060,632655722
"22-07-2017",40.25,44.76,40.15,44.71,9028920,662673039
"21-07-2017",40.55,41.43,39.53,40.34,9572580,597655184
"20-07-2017",34.89,41.01,34.89,40.3,14905700,596889792
"19-07-2017",36.47,37.59,34.37,35.06,6994230,519092516
"18-07-2017",34.89,37.92,33.38,36.38,9949120,538469972
"17-07-2017",29.47,34.98,29.46,34.83,13708900,515353359
"16-07-2017",31.97,32.53,28.83,29.43,12434100,435307892
"15-07-2017",35.57,35.57,31.37,32.09,9718770,474475011
"14-07-2017",38.08,38.33,34.22,35.48,9558140,524447862
"13-07-2017",40.43,40.74,37.2,38.23,9969180,564887956
"12-07-2017",36.89,40.75,35.51,40.39,15785600,596670416
"11-07-2017",40.25,40.73,35.34,37.14,17988200,548402232
"10-07-2017",44.91,45.12,38.84,40.01,14633300,590587516
"09-07-2017",46.69,47.0,44.56,44.85,12681200,661794212
"08-07-2017",44.17,46.24,41.9,46.1,15801900,679998295
"07-07-2017",50.11,50.65,43.84,44.25,20324700,652473234
"06-07-2017",45.96,50.26,45.88,50.12,23168300,738793680
"05-07-2017",45.3,46.9,44.13,45.72,15243000,673699619
"04-07-2017",43.55,45.53,43.55,45.47,14850800,669788144
"03-07-2017",42.51,44.14,41.82,43.63,13141000,642520044
"02-07-2017",40.94,43.0,40.22,42.79,12774300,629937211
"01-07-2017",43.71,43.98,39.8,40.96,10673500,602725547
"30-06-2017",45.09,45.87,43.48,43.73,11338900,643243771
"29-06-2017",47.04,47.91,44.67,45.02,11470500,661985221
"28-06-2017",43.8,47.41,42.29,47.32,10812600,695638766
"27-06-2017",43.49,44.05,38.51,43.57,12171600,640300525
"26-06-2017",45.9,48.2,39.39,43.49,17033600,638875556
"25-06-2017",47.84,48.73,45.28,45.89,9156060,673915947
"24-06-2017",51.43,51.81,47.3,48.03,7786220,705083226
"23-06-2017",47.45,52.51,46.75,51.41,11033000,754455341
"22-06-2017",46.8,47.8,46.64,47.28,7443100,693588258
"21-06-2017",48.17,48.91,45.54,46.59,12133900,683230030
"20-06-2017",49.03,50.91,47.6,48.08,15178600,704839649
"19-06-2017",49.62,50.67,48.52,49.09,12502400,719363550
"18-06-2017",50.49,51.7,48.97,49.6,10122000,726570349
"17-06-2017",48.19,51.2,48.09,50.46,15646500,738918714
"16-06-2017",45.97,48.24,44.17,48.11,8711820,704255791
"15-06-2017",46.24,47.02,38.75,46.02,14252000,673410294
"14-06-2017",51.98,53.56,44.37,46.3,12407600,677276807
"13-06-2017",49.8,52.87,49.73,51.8,13362700,757473804
"12-06-2017",59.09,59.81,45.78,50.04,25425000,731469847
"11-06-2017",52.37,58.7,51.95,58.7,15485200,857711650
"10-06-2017",55.59,56.25,51.92,52.28,14465400,763656491
"09-06-2017",56.13,57.23,55.29,55.62,11941600,812151050
"08-06-2017",52.91,56.46,51.45,56.19,14708500,820167369
"07-06-2017",55.29,62.38,52.06,52.54,50623800,766592354
"06-06-2017",48.37,55.57,47.12,55.57,34918400,810525774
"05-06-2017",42.88,48.5,42.88,48.26,16780900,703675249
"04-06-2017",42.34,43.42,41.7,42.9,9805040,625281904
"03-06-2017",43.99,44.42,42.16,42.37,9819610,617326626
"02-06-2017",43.74,44.65,43.0,44.0,9539580,640840545
"01-06-2017",41.84,45.52,41.84,43.7,12849800,636233864
"31-05-2017",39.83,43.11,39.23,41.83,15027900,608783489
"30-05-2017",41.29,45.65,39.66,39.79,23048100,578880018
"29-05-2017",36.76,43.81,36.06,41.21,31360800,599321067
"28-05-2017",33.43,39.39,33.43,36.84,19020300,535576741
"27-05-2017",38.71,40.79,28.69,33.41,20990300,485522775
"26-05-2017",39.81,44.61,34.84,38.71,24735300,562343363
"25-05-2017",45.52,50.9,39.5,40.12,52485500,582583771
"24-05-2017",56.31,58.64,44.04,45.38,95915696,658727676
"23-05-2017",36.31,56.84,36.3,55.62,68629504,807067618
"22-05-2017",34.8,41.18,33.27,36.17,28469700,524639979
"21-05-2017",35.04,36.46,33.35,34.64,10952100,502271421
"20-05-2017",31.82,36.78,31.27,35.1,23733000,508752553
"19-05-2017",30.31,31.87,30.28,31.87,10692300,461753083
"18-05-2017",26.98,31.11,26.98,30.33,15586800,439273781
"17-05-2017",26.37,27.97,25.28,26.93,10576800,389893239
"16-05-2017",27.73,27.73,25.96,26.26,9801320,380037216
"15-05-2017",28.51,28.54,27.32,27.79,8160330,402041663
"14-05-2017",28.51,29.16,27.79,28.53,7419170,412590297
"13-05-2017",28.59,28.73,27.22,28.47,7213280,411570834
"12-05-2017",29.61,30.29,28.3,28.68,8023910,414446377
"11-05-2017",29.94,30.03,28.73,29.51,9288200,426283843
"10-05-2017",28.49,30.67,28.11,29.84,12732500,430868519
"09-05-2017",30.48,31.61,26.61,28.66,21083700,413677156
"08-05-2017",33.45,33.81,28.58,30.47,25549000,439640793
"07-05-2017",28.97,34.56,28.77,32.78,31328600,472793005
"06-05-2017",28.5,29.94,27.94,28.98,14355000,417817937
"05-05-2017",26.11,30.83,25.93,28.45,24376200,410024863
"04-05-2017",25.19,26.52,24.87,25.99,13585800,374421171
"03-05-2017",23.05,25.44,22.72,25.2,12602800,362904544
"02-05-2017",22.77,23.2,22.06,23.04,7486110,331665905
"01-05-2017",23.72,24.07,22.23,22.77,14214000,327654727
"30-04-2017",22.74,24.2,22.72,23.72,10910000,341199767
"29-04-2017",22.37,23.26,22.12,22.76,10461300,327259770
"28-04-2017",21.2,22.53,21.12,22.35,10457300,321243056
"27-04-2017",19.43,21.83,19.27,21.21,12843800,304735647
"26-04-2017",19.67,19.93,19.24,19.37,6027790,278185512
"25-04-2017",19.6,20.1,19.36,19.65,5148290,282097564
"24-04-2017",19.73,20.11,19.51,19.56,4584190,280694500
"23-04-2017",20.12,20.17,19.68,19.72,4155640,282879102
"22-04-2017",20.27,20.52,19.97,20.12,5266460,288506300
"21-04-2017",19.98,20.34,19.75,20.29,6704090,290824847
"20-04-2017",20.4,20.9,20.24,20.24,6216400,290002046
"19-04-2017",21.07,21.12,20.23,20.39,5877830,292028981
"18-04-2017",20.53,21.17,20.45,21.06,4459260,301507130
"17-04-2017",20.46,20.99,20.32,20.56,6055450,294229556
"16-04-2017",20.71,20.82,20.25,20.46,4222960,292686570
"15-04-2017",20.43,21.19,20.25,20.71,4483370,296153226
"14-04-2017",21.47,21.8,19.67,20.59,8949460,294327400
"13-04-2017",21.69,22.08,21.44,21.48,5980210,306926512
"12-04-2017",21.32,22.11,21.25,21.76,6401630,310812516
"11-04-2017",21.8,21.89,21.12,21.36,5356450,304976806
"10-04-2017",20.69,22.41,20.52,21.83,6591730,311567515
"09-04-2017",20.84,21.31,19.75,20.68,5711770,295036146
"08-04-2017",19.31,21.46,19.0,20.83,6218750,297048265
"07-04-2017",19.32,20.07,18.95,19.39,5499430,276391657
"06-04-2017",19.59,19.95,18.33,19.27,11553100,274579126
"05-04-2017",21.31,21.62,19.58,19.62,9188050,279449680
"04-04-2017",20.33,21.51,19.87,21.35,7062530,303961212
"03-04-2017",20.16,21.16,19.94,20.33,7080440,289325300
"02-04-2017",21.42,21.5,20.02,20.14,7427960,286505286
"01-04-2017",20.52,21.53,19.23,21.5,7622780,305733996
"31-03-2017",20.8,21.2,19.84,20.54,6955980,291958530
"30-03-2017",21.06,21.45,20.25,20.88,5993880,296669459
"29-03-2017",19.88,21.34,19.28,21.14,6704720,300250639
"28-03-2017",19.49,20.51,18.17,19.81,10061200,281243989
"27-03-2017",19.75,20.1,17.71,19.66,11887200,278992701
"26-03-2017",20.16,20.57,19.29,19.61,7408990,278174864
"25-03-2017",21.08,21.28,19.88,20.14,10858900,285570402
"24-03-2017",21.85,22.28,20.86,21.1,13807600,299058242
"23-03-2017",21.45,22.49,20.64,21.82,7419900,309140523
"22-03-2017",21.39,22.39,20.77,21.42,9699960,303349320
"21-03-2017",22.62,23.06,20.68,21.29,18555800,301382215
"20-03-2017",23.3,24.82,22.44,22.51,10860900,318521984
"19-03-2017",20.11,24.61,20.11,23.29,22162500,329422481
"18-03-2017",22.27,22.27,18.6,20.07,16830500,283755647
"17-03-2017",22.57,26.21,20.16,22.35,36529400,315865968
"16-03-2017",19.05,22.99,18.77,22.48,31673800,317577639
"15-03-2017",17.79,19.69,17.35,18.98,12265200,268022262
"14-03-2017",18.09,18.4,17.11,17.76,10072300,250690133
"13-03-2017",16.8,19.32,16.69,18.13,19566500,255803132
"12-03-2017",14.72,17.13,14.45,16.79,17931000,236794062
"11-03-2017",13.12,14.76,13.01,14.69,6499310,207089131
"10-03-2017",13.05,13.62,12.35,13.21,10802800,186146701
"09-03-2017",12.46,13.53,12.39,13.03,3489930,183528731
"08-03-2017",13.56,13.8,12.47,12.47,4244610,175568793
"07-03-2017",15.43,15.43,13.53,13.53,5928550,190414374
"06-03-2017",15.23,15.8,14.84,15.41,6913360,216778664
"05-03-2017",13.67,15.42,13.66,15.18,5455280,213448398
"04-03-2017",13.93,14.24,13.37,13.67,2239270,192135460
"03-03-2017",13.1,14.61,12.86,13.91,7926590,195428644
"02-03-2017",12.26,13.33,12.1,13.11,7161980,184110258
"01-03-2017",12.3,12.9,12.13,12.33,6449830,173080896
"28-02-2017",11.99,12.32,11.51,12.28,4316810,172311255
"27-02-2017",11.87,12.06,11.83,11.96,1343950,167750639
"26-02-2017",11.84,12.04,11.68,11.89,2039860,166691777
"25-02-2017",11.92,12.14,11.68,11.85,3102200,166057243
"24-02-2017",12.89,12.97,11.35,11.92,8707610,166974539
"23-02-2017",12.78,12.94,12.57,12.87,2875250,180203707
"22-02-2017",12.32,12.84,12.12,12.77,2486660,178724563
"21-02-2017",12.12,12.42,11.92,12.34,4476160,172124147
"20-02-2017",13.01,13.01,11.46,12.22,8429880,170450330
"19-02-2017",13.38,13.38,12.99,12.99,1663440,181190654
"18-02-2017",13.41,13.57,13.09,13.36,1871110,186351589
"17-02-2017",13.07,13.34,13.04,13.3,1711010,185514680
"16-02-2017",13.62,13.62,12.91,13.1,3256190,182724986
"15-02-2017",13.01,13.74,12.88,13.62,4811600,189974823
"14-02-2017",12.2,13.2,12.11,12.99,4166850,181165409
"13-02-2017",12.31,12.36,12.09,12.2,1687590,170072030
"12-02-2017",12.27,12.49,12.0,12.33,2154250,171809068
"11-02-2017",11.98,12.39,11.98,12.24,2190900,170480806
"10-02-2017",12.18,12.23,11.73,11.98,2472350,166785757
"09-02-2017",12.83,12.98,11.83,12.12,4268990,168659984
"08-02-2017",12.67,12.91,12.54,12.8,2124700,178040912
"07-02-2017",12.91,13.2,12.53,12.65,3523120,175879053
"06-02-2017",12.83,12.92,12.59,12.88,2124790,178996774
"05-02-2017",12.61,12.99,12.61,12.8,2054440,177803224
"04-02-2017",12.9,13.08,12.47,12.61,3475030,175087753
"03-02-2017",13.13,13.15,12.15,12.86,5732620,178479051
"02-02-2017",13.29,13.42,13.05,13.14,2841870,182282789
"01-02-2017",12.97,13.38,12.93,13.27,2715170,183980830
"31-01-2017",12.7,13.26,12.7,12.99,8919760,180042687
"30-01-2017",12.65,12.91,12.64,12.71,2171460,176077860
"29-01-2017",12.85,13.26,12.55,12.66,3027920,175306549
"28-01-2017",12.12,13.04,12.07,12.85,6585960,177858951
"27-01-2017",11.98,12.24,11.67,12.1,4346850,167398917
"26-01-2017",11.85,12.15,11.73,11.98,2172210,165664514
"25-01-2017",11.81,11.88,11.54,11.83,1897140,163512223
"24-01-2017",12.25,12.25,11.79,11.81,3121430,163166813
"23-01-2017",12.19,12.29,12.05,12.25,2414740,169166365
"22-01-2017",12.01,12.19,11.81,12.18,2588540,168122590
"21-01-2017",11.91,12.18,11.84,12.03,2878010,165979734
"20-01-2017",12.17,12.17,11.75,11.91,3768400,164235497
"19-01-2017",12.05,12.31,11.68,12.15,3546870,167478465
"18-01-2017",12.43,12.7,11.57,12.05,4232060,166023103
"17-01-2017",10.69,12.49,10.56,12.39,4403350,170627084
"16-01-2017",10.77,10.96,10.29,10.64,3507560,146461935
"15-01-2017",11.07,11.15,9.92,10.76,7417420,148042415
"14-01-2017",11.28,11.72,10.96,11.09,3439220,152514598
"13-01-2017",11.84,11.97,11.07,11.27,6063910,154917737
"12-01-2017",11.61,12.19,11.1,11.85,2923060,162791373
"11-01-2017",13.38,13.6,11.18,11.64,4338380,159272929
"10-01-2017",13.7,14.03,13.34,13.39,3943650,183218601
"09-01-2017",13.51,13.74,12.66,13.74,4649000,188007736
"08-01-2017",13.01,13.91,12.86,13.47,3741330,184313261
"07-01-2017",14.09,14.17,12.37,13.06,9904390,178703132
"06-01-2017",16.19,16.93,13.58,14.03,9256850,191975876
"05-01-2017",18.55,19.02,14.86,16.19,8528910,221531677
"04-01-2017",16.14,18.64,15.83,18.53,10179100,253550462
"03-01-2017",16.07,17.03,15.0,16.09,16381900,220137052
"02-01-2017",14.07,16.47,13.84,16.05,12171300,219488299
"01-01-2017",13.79,14.17,13.42,13.97,3923550,190945486
"31-12-2016",12.96,13.88,12.8,13.78,4421340,188258673
"30-12-2016",13.09,13.28,12.26,12.97,3491280,177103714
"29-12-2016",14.14,14.17,12.46,13.13,8200850,179205533
"28-12-2016",12.54,14.62,12.2,14.09,13579500,192216990
"27-12-2016",10.27,13.05,10.25,12.69,10888000,173028741
"26-12-2016",9.72,10.29,9.7,10.27,2243850,139931600
"25-12-2016",9.65,9.8,9.49,9.73,2456860,132536721
"24-12-2016",9.61,9.77,9.48,9.65,1553340,131387397
"23-12-2016",8.89,9.79,8.89,9.55,4014090,129958693
"22-12-2016",8.3,9.49,8.3,8.9,4342540,121035423
"21-12-2016",8.45,8.62,8.26,8.28,2788170,112566143
"20-12-2016",8.63,8.7,8.39,8.43,2093870,114549966
"19-12-2016",8.6,8.77,8.39,8.63,1948360,117212369
"18-12-2016",8.33,8.83,8.31,8.61,2073320,116881895
"17-12-2016",8.48,8.53,8.25,8.32,1046610,112888881
"16-12-2016",8.43,8.54,8.39,8.51,960469,115408832
"15-12-2016",8.43,8.55,8.26,8.42,1224190,114128564
"14-12-2016",8.23,8.59,8.11,8.41,3268750,113937055
"13-12-2016",8.07,8.14,7.97,8.11,892392,109819514
"12-12-2016",7.91,8.06,7.83,8.05,1037600,108932791
"11-12-2016",7.77,8.09,7.74,7.91,1511400,107002040
"10-12-2016",7.95,8.03,7.67,7.78,954105,105188622
"09-12-2016",7.8,8.07,7.79,7.95,1230840,107368531
"08-12-2016",7.87,8.03,7.73,7.79,1391520,105207655
"07-12-2016",7.54,8.01,7.32,7.89,1800020,106424648
"06-12-2016",7.91,7.96,7.16,7.54,3566450,101703656
"05-12-2016",7.83,8.15,7.68,7.91,2413870,106658143
"04-12-2016",8.26,8.42,7.8,7.8,2491800,105108481
"03-12-2016",8.21,8.56,8.09,8.27,2100120,111400363
"02-12-2016",8.5,8.5,7.92,8.23,6249910,110804575
"01-12-2016",8.93,9.13,8.36,8.58,5605070,115477805
"30-11-2016",7.63,9.31,7.21,8.95,11077200,120399301
"29-11-2016",7.91,7.99,7.48,7.6,2468920,102175495
"28-11-2016",7.92,8.08,7.78,7.89,1931140,106031443
"27-11-2016",7.63,8.12,7.59,7.93,2604180,106514874
"26-11-2016",7.55,7.81,7.4,7.62,1632680,102302499
"25-11-2016",7.79,7.8,7.33,7.54,2450680,101171527
"24-11-2016",7.94,8.37,7.58,7.81,5756150,104737108
"23-11-2016",7.66,8.11,7.56,7.91,4170450,106023360
"22-11-2016",6.81,8.24,6.78,7.69,9996320,103024590
"21-11-2016",6.58,6.88,6.56,6.8,1586190,91055797
"20-11-2016",6.56,6.88,6.43,6.58,3534630,88059453
"19-11-2016",6.72,6.86,6.46,6.55,2490080,87614797
"18-11-2016",6.77,7.1,6.53,6.72,3854500,89837783
"17-11-2016",6.55,6.97,6.22,6.79,4696950,90730427
"16-11-2016",7.34,7.47,6.12,6.58,9338200,87878179
"15-11-2016",7.74,7.92,7.2,7.3,3711090,97437355
"14-11-2016",7.11,8.13,7.09,7.71,5270540,102844580
"13-11-2016",7.42,8.11,6.97,7.1,8454760,94670838
"12-11-2016",6.82,7.68,6.63,7.44,7239650,99143750
"11-11-2016",6.15,6.98,5.89,6.78,4256380,90307459
"10-11-2016",6.19,6.48,6.01,6.1,3175600,81203283
"09-11-2016",6.31,6.54,5.58,6.19,8149530,82361827
"08-11-2016",5.77,6.82,5.72,6.32,9416390,84044434
"07-11-2016",4.97,5.85,4.92,5.74,3690120,76292479
"06-11-2016",4.98,5.03,4.88,4.97,666680,66022241
"05-11-2016",4.83,5.02,4.82,5.02,602968,66654154
"04-11-2016",4.86,5.12,4.7,4.85,2611470,64348891
"03-11-2016",4.54,5.27,4.51,4.89,4438690,64855154
"02-11-2016",4.73,5.01,4.38,4.51,2473050,59783293
"01-11-2016",5.1,5.24,4.56,4.71,3841800,62404301
"31-10-2016",5.54,5.61,4.84,5.12,3111700,67799853
"30-10-2016",5.14,5.7,4.81,5.57,5648010,73720323
"29-10-2016",5.72,5.84,4.28,5.14,10900200,67992488
"28-10-2016",6.22,6.35,5.63,5.73,3034820,75745373
"27-10-2016",6.17,6.38,5.99,6.21,2043670,82061422
"26-10-2016",6.09,6.21,5.82,6.17,1630120,81483435
"25-10-2016",6.42,6.43,5.77,6.09,2973160,80387106
"24-10-2016",6.51,6.61,6.41,6.42,628370,84694392
"23-10-2016",6.52,6.69,6.45,6.51,561283,85840312
"22-10-2016",6.79,6.81,6.24,6.52,2274680,85921040
"21-10-2016",6.59,6.91,6.43,6.78,1960270,89298609
"20-10-2016",6.63,7.2,6.48,6.56,2510020,86349425
"19-10-2016",6.57,7.13,6.49,6.62,2304340,87096417
"18-10-2016",6.29,6.79,6.08,6.57,2342430,86391889
"17-10-2016",6.39,6.41,5.7,6.28,3659990,82531326
"16-10-2016",6.57,6.63,6.12,6.38,2548440,83801339
"15-10-2016",6.92,6.93,6.45,6.56,1709700,86110170
"14-10-2016",6.94,7.18,6.83,6.92,1682900,90795833
"13-10-2016",7.28,7.31,6.78,6.91,2079340,90610203
"12-10-2016",7.28,7.62,7.17,7.31,2034800,95798806
"11-10-2016",6.92,7.74,6.6,7.28,5966020,95351933
"10-10-2016",7.56,7.59,6.78,6.94,3179780,90847689
"09-10-2016",6.9,7.69,6.89,7.48,2820040,97859711
"08-10-2016",6.89,7.18,6.62,6.88,1795650,89965368
"07-10-2016",7.19,7.67,6.56,6.89,4458730,90037866
"06-10-2016",6.71,7.29,6.37,7.18,4738590,93781875
"05-10-2016",7.66,7.66,6.13,6.76,9101390,88244979
"04-10-2016",7.95,8.12,7.45,7.65,2425600,99810457
"03-10-2016",8.31,8.55,7.82,7.95,3249380,103660036
"02-10-2016",7.33,8.48,7.32,8.3,4709360,108170503
"01-10-2016",8.42,8.42,7.17,7.36,8319930,95858875
"30-09-2016",8.65,8.66,7.99,8.41,5300920,109477921
"29-09-2016",9.4,9.41,8.32,8.71,5237580,113312539
"28-09-2016",9.33,9.5,9.19,9.4,1900470,122220139
"27-09-2016",9.36,9.6,9.18,9.31,2349090,120984073
"26-09-2016",10.25,10.36,9.14,9.4,7477270,122077638
"25-09-2016",10.62,10.7,10.19,10.24,2085390,132917246
"24-09-2016",10.8,11.03,10.63,10.63,1720410,137896021
"23-09-2016",10.12,11.01,10.03,10.77,3564780,139625953
"22-09-2016",9.96,10.59,9.96,10.16,3966670,131642233
"21-09-2016",11.25,11.25,9.78,9.92,6586410,128457331
"20-09-2016",10.54,11.69,10.32,11.15,11094000,144305205
"19-09-2016",9.45,10.85,9.07,10.56,8092940,136588997
"18-09-2016",9.69,9.78,9.25,9.45,2709710,122162305
"17-09-2016",8.88,9.82,8.82,9.68,4720550,125061445
"16-09-2016",9.5,9.83,8.75,8.91,7175750,115048062
"15-09-2016",10.53,10.53,9.33,9.41,7678600,121435210
"14-09-2016",10.97,10.97,10.31,10.51,5468580,135544245
"13-09-2016",10.26,11.36,9.85,10.88,14308800,140230619
"12-09-2016",10.66,11.01,9.97,10.03,12411600,129205857
"11-09-2016",12.26,12.41,10.53,10.69,15781800,137619034
"10-09-2016",12.33,12.58,11.98,12.23,7990970,157358573
"09-09-2016",12.71,13.63,12.08,12.43,14523800,159839492
"08-09-2016",11.91,13.0,11.54,12.74,18100000,163726791
"07-09-2016",12.44,12.88,11.1,11.83,20446100,151940306
"06-09-2016",13.84,14.19,11.99,12.46,25356900,159927750
"05-09-2016",13.57,14.26,12.58,13.96,24043200,179069644
"04-09-2016",11.13,13.87,10.41,13.39,31169900,171671074
"03-09-2016",10.19,15.05,9.9,10.59,66593800,135680393
"02-09-2016",7.97,10.61,7.82,10.21,27999500,130729309
"01-09-2016",8.52,8.84,7.85,8.0,12152000,102369396
"31-08-2016",8.51,8.86,7.49,8.58,20057400,109725205
"30-08-2016",8.49,9.17,7.95,8.49,15534600,108510731
"29-08-2016",9.35,10.69,8.07,8.5,46191400,108568069
"28-08-2016",5.3,9.51,5.09,9.51,49325800,121389477
"27-08-2016",4.25,5.3,4.21,5.3,8004280,67612802
"26-08-2016",4.13,4.62,4.09,4.18,6023340,53290453
"25-08-2016",4.46,4.51,3.73,4.15,7337870,52878255
"24-08-2016",4.66,5.07,4.36,4.42,6796020,56282107
"23-08-2016",4.03,5.32,4.0,4.72,21058200,60065686
"22-08-2016",2.53,5.23,2.53,3.99,18149400,50744179
"21-08-2016",2.44,2.6,2.4,2.54,790717,32282527
"20-08-2016",2.3,2.55,2.28,2.44,1869560,30991606
"19-08-2016",2.19,2.34,2.18,2.3,313760,29195144
"18-08-2016",2.24,2.26,2.15,2.19,381203,27782650
"17-08-2016",2.2,2.29,2.13,2.24,449444,28398417
"16-08-2016",2.18,2.27,2.08,2.2,760398,27873427
"15-08-2016",2.01,2.2,1.98,2.18,849798,27603645
"14-08-2016",1.98,2.09,1.88,2.01,396280,25435142
"13-08-2016",1.95,2.02,1.93,1.98,123245,25039469
"12-08-2016",1.98,1.99,1.89,1.95,122922,24644392
"11-08-2016",2.02,2.05,1.9,1.98,129604,25007847
"10-08-2016",2.05,2.05,1.95,2.01,210706,25371223
"09-08-2016",1.9,2.05,1.89,2.05,245059,25858304
"08-08-2016",1.9,1.99,1.84,1.9,199176,23951959
"07-08-2016",1.88,2.0,1.8,1.9,268531,23937072
"06-08-2016",1.79,1.93,1.74,1.88,268046,23669701
"05-08-2016",1.85,1.86,1.77,1.79,134743,22523393
"04-08-2016",1.57,1.9,1.57,1.85,497557,23262487
"03-08-2016",1.49,1.65,1.47,1.57,190375,19729378
"02-08-2016",1.7,1.74,1.43,1.49,303492,18711317
"01-08-2016",1.82,1.83,1.69,1.7,170108,21336007
"31-07-2016",1.91,1.94,1.8,1.82,147277,22827026
"30-07-2016",1.91,1.94,1.87,1.91,71012,23940598
"29-07-2016",1.85,1.95,1.82,1.89,106495,23674427
"28-07-2016",1.94,1.95,1.83,1.85,190937,23158412
"27-07-2016",1.83,1.95,1.76,1.94,257870,24269146
"26-07-2016",1.85,1.86,1.7,1.83,268872,22877674
"25-07-2016",1.86,1.89,1.82,1.85,94316,23113408
"24-07-2016",1.9,1.94,1.83,1.88,161485,23473505
"23-07-2016",1.83,1.91,1.81,1.89,132721,23581722
"22-07-2016",1.73,1.85,1.72,1.83,183573,22818606
"21-07-2016",1.77,1.81,1.72,1.74,143002,21683240
"20-07-2016",1.9,1.93,1.73,1.76,368224,21917676
"19-07-2016",1.95,1.96,1.85,1.9,206251,23645675
"18-07-2016",1.99,2.02,1.94,1.95,108747,24252428
"17-07-2016",1.98,2.01,1.95,1.99,167463,24732134
"16-07-2016",2.0,2.02,1.97,1.98,69994,24591658
"15-07-2016",2.01,2.03,1.94,1.99,189098,24699904
"14-07-2016",1.94,2.03,1.93,2.01,172552,24931176
"13-07-2016",1.98,2.0,1.9,1.93,294296,23922328
"12-07-2016",1.98,2.08,1.95,1.99,347642,24650124
"11-07-2016",1.91,2.03,1.89,1.98,213005,24509219
"10-07-2016",1.96,1.96,1.86,1.91,224404,23627711
"09-07-2016",1.99,1.99,1.84,1.96,307833,24228670
"08-07-2016",1.9,2.02,1.86,1.98,433750,24460540
"07-07-2016",1.94,2.11,1.82,1.9,1565910,23455638
"06-07-2016",1.73,1.98,1.72,1.94,510090,23932824
"05-07-2016",1.71,1.74,1.64,1.73,154989,21327445
"04-07-2016",1.7,1.8,1.66,1.71,151474,21066647
"03-07-2016",1.75,1.85,1.7,1.7,326072,20928461
"02-07-2016",1.66,1.79,1.64,1.75,228270,21529146
"01-07-2016",1.59,1.7,1.58,1.66,148728,20407314
"30-06-2016",1.54,1.61,1.5,1.61,232728,19779175
"29-06-2016",1.49,1.6,1.46,1.55,314944,19029430
"28-06-2016",1.48,1.51,1.43,1.49,173566,18279284
"27-06-2016",1.48,1.49,1.38,1.48,184373,18144179
"26-06-2016",1.56,1.61,1.46,1.48,75189,18131668
"25-06-2016",1.58,1.65,1.51,1.55,168083,18975903
"24-06-2016",1.56,1.66,1.52,1.59,241911,19452896
"23-06-2016",1.49,1.57,1.4,1.56,198638,19071415
"22-06-2016",1.61,1.72,1.49,1.5,376492,18325398
"21-06-2016",1.83,1.87,1.56,1.61,543359,19655500
"20-06-2016",1.86,1.91,1.72,1.83,570846,22326114
"19-06-2016",2.03,2.06,1.81,1.87,663871,22797864
"18-06-2016",1.77,2.34,1.77,2.01,2663250,24487571
"17-06-2016",1.57,1.79,1.48,1.75,643511,21304593
"16-06-2016",1.47,1.63,1.43,1.58,349747,19221352
"15-06-2016",1.37,1.5,1.33,1.46,334636,17749354
"14-06-2016",1.28,1.41,1.24,1.39,268605,16886182
"13-06-2016",1.25,1.37,1.25,1.28,276844,15538989
"12-06-2016",1.14,1.28,1.11,1.25,285841,15163871
"11-06-2016",1.14,1.18,1.12,1.14,207863,13818967
"10-06-2016",1.11,1.19,1.08,1.15,267163,13930274
"09-06-2016",0.994472,1.22,0.989995,1.11,483161,13436592
"08-06-2016",1.01,1.02,0.971487,0.999952,70837,12096362
"07-06-2016",1.0,1.01,0.958776,1.01,86376,12207826
"06-06-2016",1.01,1.05,0.987163,1.01,89836,12199098
"05-06-2016",0.973615,1.01,0.960302,1.0,87680,12070100
"04-06-2016",0.940914,0.991519,0.940438,0.974353,91404,11699015
"03-06-2016",0.926588,0.958702,0.924081,0.945202,74145,11449880
"02-06-2016",0.913437,0.933852,0.907306,0.92668,39987,11200430
"01-06-2016",0.934166,0.950454,0.873635,0.914871,105338,10951186
"31-05-2016",0.909725,0.969137,0.901513,0.928747,156718,11184181
"30-05-2016",0.880528,0.919046,0.876059,0.910537,66482,10935320
"29-05-2016",0.928311,0.956759,0.856513,0.881719,188141,10567245
"28-05-2016",0.861864,0.921455,0.846382,0.919737,174774,11039291
"27-05-2016",0.860189,0.874443,0.830595,0.859091,151612,10311412
"26-05-2016",0.865867,0.90906,0.842439,0.860175,100025,10304427
"25-05-2016",0.899239,0.918087,0.864997,0.865887,87610,10416313
"24-05-2016",0.914471,0.992032,0.901127,0.901127,220308,10767733
"23-05-2016",0.938519,0.95966,0.904732,0.91473,120334,10879347
"22-05-2016",0.975337,0.985725,0.920184,0.938764,194865,11142884
"21-05-2016",0.940434,1.0,0.934302,0.975433,115767,11617049
"20-05-2016",0.858781,0.986409,0.852128,0.942222,314964,11142884
"19-05-2016",0.840467,0.868031,0.828803,0.853595,139069,10076012
"18-05-2016",0.813099,0.878206,0.800627,0.840542,214210,9957471
"17-05-2016",0.818318,0.854,0.806392,0.813343,125123,9601847
"16-05-2016",0.826412,0.850339,0.806073,0.818356,107300,9720388
"15-05-2016",0.838644,0.856903,0.80674,0.823823,56531,9720388
"14-05-2016",0.847938,0.859677,0.824663,0.838895,27725,9957471
"13-05-2016",0.875739,0.883328,0.841779,0.847763,66386,10076012
"12-05-2016",0.859854,0.887074,0.844275,0.875668,88976,10431636
"11-05-2016",0.828834,0.869361,0.82739,0.85971,51107,10188819
"10-05-2016",0.825951,0.875618,0.812145,0.829463,134752,9826069
"09-05-2016",0.848722,0.867028,0.814215,0.825393,91542,9818448
"08-05-2016",0.880503,0.897977,0.835346,0.850586,76975,10047630
"07-05-2016",0.877036,0.884583,0.832369,0.880058,110546,10394228
"06-05-2016",0.906994,0.91905,0.868383,0.877466,71046,10385814
"05-05-2016",0.916448,0.922198,0.87948,0.906841,76568,10732053
"04-05-2016",0.91748,0.950575,0.899844,0.916455,102053,10841638
"03-05-2016",0.963722,0.977479,0.908237,0.908237,103842,10714908
"02-05-2016",0.911209,1.0,0.895719,0.964395,212997,11295118
"01-05-2016",0.916798,0.945897,0.894976,0.914293,64193,10698337
"30-04-2016",0.883464,0.970719,0.883464,0.916537,127183,10807960
"29-04-2016",0.904687,0.934122,0.872672,0.883684,101368,10329543
"28-04-2016",0.943459,0.953414,0.882325,0.904794,98147,10555669
"27-04-2016",0.894009,0.97624,0.860762,0.941531,300067,11015950
"26-04-2016",0.962278,0.995101,0.84477,0.884295,339835,10305066
"25-04-2016",1.02,1.04,0.942687,0.953362,209133,11116249
"24-04-2016",1.03,1.04,0.987257,1.01,117386,11809109
"23-04-2016",0.977764,1.05,0.977764,1.04,111624,12150316
"22-04-2016",0.96843,1.01,0.951049,0.980429,142996,11440406
"21-04-2016",1.06,1.07,0.946187,0.977233,217840,11431159
"20-04-2016",1.11,1.12,1.0,1.06,317076,12353987
"19-04-2016",1.11,1.16,1.1,1.11,279257,12926535
"18-04-2016",1.04,1.12,1.02,1.11,294792,12916105
"17-04-2016",0.978342,1.08,0.969814,1.04,306365,12088260
"16-04-2016",0.990496,0.997399,0.94743,0.977983,111910,11384877
"15-04-2016",1.01,1.02,0.954306,0.990145,366008,11491437
"14-04-2016",1.03,1.06,0.976168,1.01,199039,11714215
"13-04-2016",0.944542,1.07,0.922155,1.03,411783,11937189
"12-04-2016",1.02,1.03,0.875678,0.955986,607158,11116563
"11-04-2016",1.12,1.13,0.986046,1.02,307904,11801577
"10-04-2016",1.14,1.17,0.921744,1.1,1270300,12717464
"09-04-2016",1.26,1.37,1.13,1.13,937009,13053717
"08-04-2016",1.51,1.54,1.14,1.24,535958,14313046
"07-04-2016",1.51,1.57,1.5,1.5,293003,17298632
"06-04-2016",1.52,1.57,1.46,1.51,253803,17401105
"05-04-2016",1.58,1.58,1.45,1.52,404485,17502790
"04-04-2016",1.55,1.6,1.5,1.6,296207,18409110
"03-04-2016",1.53,1.58,1.48,1.54,255047,17703102
"02-04-2016",1.46,1.57,1.46,1.55,438901,17803281
"01-04-2016",1.41,1.48,1.41,1.46,353597,16755764
"31-03-2016",1.44,1.46,1.39,1.4,197875,16053463
"30-03-2016",1.48,1.52,1.41,1.45,324062,16613572
"29-03-2016",1.49,1.53,1.46,1.49,324528,17057418
"28-03-2016",1.53,1.56,1.4,1.49,591183,17043955
"27-03-2016",1.69,1.72,1.43,1.53,981701,17486256
"26-03-2016",1.6,1.73,1.58,1.7,505566,19412888
"25-03-2016",1.69,1.75,1.58,1.6,742739,18255111
"24-03-2016",1.45,1.73,1.39,1.7,1231660,19377599
"23-03-2016",1.35,1.46,1.34,1.45,439967,16513096
"22-03-2016",1.48,1.53,1.34,1.39,601296,15818205
"21-03-2016",1.52,1.54,1.36,1.49,819654,16895291
"20-03-2016",1.2,1.53,1.2,1.52,979776,17235465
"19-03-2016",1.15,1.26,1.13,1.21,273033,13720337
"18-03-2016",1.31,1.33,1.11,1.15,408786,13039990
"17-03-2016",1.15,1.34,1.05,1.3,510610,14731383
"16-03-2016",1.14,1.2,1.12,1.15,156281,13020740
"15-03-2016",1.12,1.18,1.1,1.14,221688,12896232
"14-03-2016",1.24,1.24,1.11,1.12,195842,12658594
"13-03-2016",1.15,1.25,1.13,1.24,276132,14003861
"12-03-2016",1.1,1.19,1.06,1.15,332215,12976225
"11-03-2016",1.1,1.14,1.08,1.1,134947,12401411
"10-03-2016",1.25,1.31,1.07,1.09,437740,12278025
"09-03-2016",1.19,1.32,1.1,1.24,826080,13955069
"08-03-2016",1.08,1.19,1.02,1.19,339627,13381187
"07-03-2016",1.21,1.22,0.99992,1.07,514730,12021826
"06-03-2016",1.2,1.26,1.05,1.2,912620,13469984
"05-03-2016",1.1,1.37,1.1,1.2,1150340,13458960
"04-03-2016",1.09,1.25,1.04,1.1,822636,12326186
"03-03-2016",0.823845,1.14,0.81797,1.09,782236,12203853
"02-03-2016",0.846396,0.869524,0.820669,0.827633,127689,9284405
"01-03-2016",0.870027,0.889621,0.819532,0.847996,204620,9499774
"29-02-2016",0.870271,0.890505,0.848024,0.870503,136190,9714958
"28-02-2016",0.828838,0.888928,0.803117,0.870485,145400,9706547
"27-02-2016",0.820387,0.859694,0.806601,0.8297,101882,9252031
"26-02-2016",0.806193,0.824461,0.791316,0.813595,75396,9021144
"25-02-2016",0.806463,0.887144,0.784579,0.806427,234953,9013379
"24-02-2016",0.757318,0.801767,0.74625,0.801251,121771,8894148
"23-02-2016",0.780228,0.794417,0.733614,0.756528,81027,8442091
"22-02-2016",0.77964,0.826471,0.757781,0.77803,131583,8656534
"21-02-2016",0.822279,0.831479,0.739073,0.782148,180109,8648666
"20-02-2016",0.828511,0.883552,0.788912,0.824465,308919,9083563
"19-02-2016",0.774915,0.85219,0.731723,0.819088,199937,9076038
"18-02-2016",0.732115,0.793629,0.693414,0.774533,220495,8514853
"17-02-2016",0.952018,0.954261,0.711905,0.733156,623116,8065339
"16-02-2016",0.791869,1.0,0.770798,0.935744,846371,10375751
"15-02-2016",0.826702,0.851612,0.738173,0.791647,450366,8712346
"14-02-2016",0.805152,0.852597,0.680174,0.846403,564309,9365340
"13-02-2016",0.60533,0.903807,0.603464,0.804311,1044850,8806304
"12-02-2016",0.517753,0.617738,0.510167,0.612499,173507,6708719
"11-02-2016",0.479195,0.595656,0.477212,0.516381,227183,5713427
"10-02-2016",0.464797,0.483992,0.456572,0.480424,52572,5269491
"09-02-2016",0.481638,0.484413,0.463913,0.46485,39705,5045019
"08-02-2016",0.478246,0.502676,0.478246,0.481636,30834,5259463
"07-02-2016",0.484194,0.504286,0.471624,0.479407,53520,5254567
"06-02-2016",0.49366,0.494883,0.469674,0.480421,35794,5249704
"05-02-2016",0.506717,0.513125,0.484886,0.496352,49762,5463547
"04-02-2016",0.494891,0.518876,0.491945,0.507164,31220,5567827
"03-02-2016",0.501236,0.50154,0.486799,0.491974,26092,5344305
"02-02-2016",0.503276,0.507891,0.491114,0.501037,20583,5448311
"01-02-2016",0.486532,0.508789,0.483038,0.497962,42354,5443343
"31-01-2016",0.511871,0.518856,0.482378,0.483429,43787,5220890
"30-01-2016",0.516054,0.522529,0.487912,0.511528,40357,5541824
"29-01-2016",0.564969,0.564969,0.484859,0.51825,82072,5645446
"28-01-2016",0.610622,0.627402,0.559235,0.563129,50054,6073742
"27-01-2016",0.584655,0.622019,0.565625,0.61087,122466,6610190
"26-01-2016",0.582868,0.644975,0.573788,0.584982,85768,6278938
"25-01-2016",0.626776,0.626776,0.563546,0.581354,74134,6272834
"24-01-2016",0.616407,0.651889,0.590431,0.62205,145260,6699268
"23-01-2016",0.536673,0.649985,0.515369,0.61602,187212,6692524
"22-01-2016",0.551754,0.55505,0.511548,0.536995,66462,5823213
"21-01-2016",0.531672,0.57239,0.519337,0.549362,65915,5925448
"20-01-2016",0.543377,0.572267,0.515125,0.535095,120678,5812254
"19-01-2016",0.505234,0.547589,0.499941,0.545904,91400,5913904
"18-01-2016",0.447013,0.508079,0.444039,0.502346,65860,5371284
"17-01-2016",0.499139,0.50904,0.435545,0.450774,61136,4829561
"16-01-2016",0.426969,0.501106,0.426614,0.496668,38893,5360873
"15-01-2016",0.485673,0.489764,0.428456,0.428456,43534,4605895
"14-01-2016",0.485144,0.496792,0.473786,0.486483,34524,5243630
"13-01-2016",0.485822,0.489039,0.456484,0.484302,43051,5131499
"12-01-2016",0.481367,0.508041,0.470785,0.490113,51116,5233345
"11-01-2016",0.491365,0.497664,0.47599,0.482049,22051,5121358
"10-01-2016",0.489759,0.523419,0.477837,0.488578,31087,5223112
"09-01-2016",0.485166,0.51337,0.485019,0.490135,29526,5217954
"08-01-2016",0.490154,0.505359,0.484898,0.488417,19424,5212621
"07-01-2016",0.503148,0.519682,0.478614,0.492529,47307,5207539
"06-01-2016",0.49922,0.516756,0.49552,0.505053,19057,5414608
"05-01-2016",0.517417,0.542459,0.494788,0.499272,30449,5303278
"04-01-2016",0.506154,0.528551,0.498989,0.517388,29381,5509850
"03-01-2016",0.532842,0.540589,0.490855,0.500312,43237,5292651
"02-01-2016",0.498302,0.564373,0.498302,0.532668,64901,5604609
"01-01-2016",0.470707,0.556793,0.465202,0.497867,88914,5282053
"31-12-2015",0.441443,0.473527,0.438939,0.470402,27510,4960174
"30-12-2015",0.456351,0.471401,0.437645,0.441028,34389,4638864
"29-12-2015",0.446724,0.470286,0.441525,0.45616,14980,4844661
"28-12-2015",0.452179,0.45989,0.443942,0.446928,14727,4734596
"27-12-2015",0.448906,0.4664,0.440986,0.451554,16567,4729882
"26-12-2015",0.488908,0.494685,0.436318,0.446716,16968,4725242
"25-12-2015",0.489532,0.496537,0.482095,0.484163,9978,5035106
"24-12-2015",0.480936,0.493704,0.474434,0.490058,23611,5134478
"23-12-2015",0.478893,0.499558,0.467131,0.482244,36501,5024584
"22-12-2015",0.488346,0.507606,0.457085,0.480099,25924,5019402
"21-12-2015",0.505214,0.515024,0.450852,0.488745,56810,5118811
"20-12-2015",0.472986,0.5145,0.453287,0.507456,43384,5322066
"19-12-2015",0.499377,0.500674,0.469805,0.471013,23387,4899758
"18-12-2015",0.500976,0.510883,0.491797,0.499438,18904,5207036
"17-12-2015",0.51908,0.532793,0.495784,0.501231,19565,5201210
"16-12-2015",0.555805,0.556907,0.515,0.518993,27338,5404030
"15-12-2015",0.536327,0.561471,0.52132,0.556358,38572,5813131
"14-12-2015",0.474014,0.564516,0.463613,0.534761,98330,5496073
"13-12-2015",0.455545,0.469722,0.445625,0.465171,28983,4868975
"12-12-2015",0.459582,0.481152,0.424192,0.455326,17071,4760247
"11-12-2015",0.430741,0.465265,0.430741,0.458294,19202,4755392
"10-12-2015",0.450669,0.456122,0.416312,0.431434,22548,4440550
"09-12-2015",0.43195,0.465338,0.425805,0.452073,35438,4642416
"08-12-2015",0.421141,0.433819,0.395307,0.42936,40491,4431216
"07-12-2015",0.428331,0.448007,0.413978,0.421295,29885,4323406
"06-12-2015",0.441376,0.472206,0.423569,0.439947,43779,4524700
"05-12-2015",0.371867,0.461083,0.367797,0.451304,61840,4622574
"04-12-2015",0.370545,0.385908,0.361464,0.370805,22222,3796457
"03-12-2015",0.368825,0.389666,0.362636,0.366891,19257,3792393
"02-12-2015",0.376133,0.387212,0.360591,0.368688,15544,3788268
"01-12-2015",0.393141,0.414991,0.363408,0.376028,20746,3886421
"30-11-2015",0.401331,0.428038,0.374931,0.395225,30652,4086671
"29-11-2015",0.392537,0.407767,0.383381,0.401147,14276,4082161
"28-11-2015",0.385953,0.396764,0.379471,0.39204,14046,3975765
"27-11-2015",0.401079,0.410845,0.370903,0.386268,30668,3971309
"26-11-2015",0.387136,0.421036,0.375184,0.404663,29751,4068535
"25-11-2015",0.391612,0.394932,0.371908,0.387684,18839,3962773
"24-11-2015",0.390972,0.398646,0.374851,0.390148,13449,3958104
"23-11-2015",0.396207,0.396207,0.377029,0.391113,7900,3953837
"22-11-2015",0.391161,0.396945,0.378655,0.395824,8345,4050624
"21-11-2015",0.390449,0.408989,0.375678,0.391906,29577,3945065
"20-11-2015",0.403695,0.406138,0.379315,0.389316,9764,3940749
"19-11-2015",0.415762,0.420251,0.395156,0.407052,23986,4138187
"18-11-2015",0.43235,0.433141,0.408752,0.415567,19508,4234412
"17-11-2015",0.436079,0.448905,0.421571,0.428999,11601,4330563
"16-11-2015",0.430657,0.44098,0.414873,0.435954,15841,4425951
"15-11-2015",0.425155,0.438183,0.406889,0.43081,23747,4320536
"14-11-2015",0.449764,0.457954,0.41886,0.424853,22033,4215127
"13-11-2015",0.442413,0.466205,0.420078,0.452619,25508,4511191
"12-11-2015",0.450587,0.464221,0.412313,0.443275,46397,4406058
"11-11-2015",0.457574,0.464213,0.41136,0.450299,39549,4501003
"10-11-2015",0.471436,0.503834,0.448403,0.460954,30024,4595829
"09-11-2015",0.49906,0.503041,0.463946,0.472776,33642,4690221
"08-11-2015",0.452099,0.559047,0.440685,0.497654,50506,4984119
"07-11-2015",0.439904,0.462344,0.43536,0.452638,15748,4480672
"06-11-2015",0.434111,0.460322,0.400474,0.439195,17578,4376044
"05-11-2015",0.502058,0.512523,0.42448,0.43253,18894,4271680
"04-11-2015",0.446854,0.577542,0.442558,0.505869,81510,5060274
"03-11-2015",0.443038,0.473188,0.418063,0.442707,71241,4360560
"02-11-2015",0.4232,0.445866,0.408869,0.442886,45683,4355564
"01-11-2015",0.402422,0.434974,0.402422,0.423505,27614,4152877
"31-10-2015",0.452474,0.459883,0.397492,0.404538,19924,3950522
"30-10-2015",0.447587,0.476094,0.389679,0.456442,66360,4537675
"29-10-2015",0.447411,0.461054,0.421973,0.447103,45553,4433867
"28-10-2015",0.41077,0.449257,0.401033,0.448829,41102,4428524
"27-10-2015",0.390942,0.412288,0.383613,0.409574,23061,4030296
"26-10-2015",0.407862,0.409649,0.377313,0.38796,20914,3829025
"25-10-2015",0.39566,0.424338,0.385677,0.407067,28219,4020640
"24-10-2015",0.391922,0.398093,0.380405,0.395808,21783,3917867
"23-10-2015",0.403452,0.405415,0.390979,0.393922,23478,3815404
"22-10-2015",0.394789,0.403582,0.384388,0.403236,14927,3908312
"21-10-2015",0.400869,0.400869,0.38196,0.394597,21249,3806180
"20-10-2015",0.397011,0.400255,0.376777,0.399646,36344,3898853
"19-10-2015",0.409815,0.414749,0.383501,0.403212,30649,3894211
"18-10-2015",0.426104,0.427756,0.406558,0.409797,10726,3986830
"17-10-2015",0.4123,0.436358,0.410916,0.426942,25424,4176094
"16-10-2015",0.393517,0.41184,0.379642,0.411511,35622,3977021
"15-10-2015",0.383465,0.403249,0.382849,0.390841,26749,3778382
"14-10-2015",0.388551,0.396034,0.382399,0.384266,20717,3677041
"13-10-2015",0.39651,0.39651,0.382108,0.388015,20881,3769195
"12-10-2015",0.38035,0.402801,0.379191,0.395317,17245,3860977
"11-10-2015",0.387736,0.39602,0.37698,0.380724,33411,3663225
"10-10-2015",0.394552,0.394552,0.384232,0.387789,12722,3755281
"09-10-2015",0.389521,0.40061,0.379771,0.397329,20221,3846689
"08-10-2015",0.39337,0.410677,0.387575,0.387872,28191,3745960
"07-10-2015",0.410812,0.417501,0.392512,0.393186,19953,3741002
"06-10-2015",0.415127,0.426898,0.40763,0.411378,13031,3927906
"05-10-2015",0.400232,0.428543,0.382255,0.416151,17443,4018577
"04-10-2015",0.40975,0.410795,0.399259,0.400312,7905,3822387
"03-10-2015",0.409377,0.416073,0.404727,0.409928,15752,3913127
"02-10-2015",0.405273,0.41498,0.394695,0.409897,24588,3908227
"01-10-2015",0.401044,0.429373,0.394394,0.404696,27172,3808097
"30-09-2015",0.437495,0.437785,0.350445,0.399882,91652,3803405
"29-09-2015",0.449097,0.450184,0.430411,0.435817,18912,4178319
"28-09-2015",0.440906,0.454246,0.436447,0.448998,22851,4267747
"27-09-2015",0.44504,0.451799,0.436453,0.43771,15986,4167592
"26-09-2015",0.453607,0.468061,0.441743,0.445105,39062,4256765
"25-09-2015",0.470271,0.476337,0.442823,0.451515,72674,4251120
"24-09-2015",0.464555,0.470385,0.456599,0.468678,16085,4434422
"23-09-2015",0.467306,0.476228,0.452022,0.464606,26708,4334548
"22-09-2015",0.481006,0.481633,0.45921,0.471829,20004,4422979
"21-09-2015",0.488108,0.493709,0.478568,0.480452,10323,4511237
"20-09-2015",0.498473,0.502246,0.479377,0.485971,23345,4599281
"19-09-2015",0.498444,0.503089,0.491181,0.496418,13090,4686751
"18-09-2015",0.49487,0.50458,0.482009,0.50044,12727,4680596
"17-09-2015",0.510042,0.521257,0.478933,0.494782,63098,4581026
"16-09-2015",0.502213,0.510922,0.478238,0.509974,42561,4761721
"15-09-2015",0.483566,0.569801,0.478813,0.502379,40322,4662116
"14-09-2015",0.458575,0.506924,0.45198,0.482289,61609,4469695
"13-09-2015",0.464892,0.476977,0.451275,0.462865,18133,4277677
"12-09-2015",0.495145,0.495145,0.459555,0.465473,21998,4365050
"11-09-2015",0.497159,0.506059,0.489671,0.495325,25292,4637399
"10-09-2015",0.506263,0.517275,0.492157,0.497247,19215,4631165
"09-09-2015",0.517122,0.53213,0.495952,0.506011,46479,4717366
"08-09-2015",0.498696,0.519969,0.496269,0.517402,23332,4803416
"07-09-2015",0.505125,0.508743,0.491372,0.499452,14904,4612228
"06-09-2015",0.481595,0.507062,0.47895,0.505111,20838,4698041
"05-09-2015",0.470903,0.482948,0.465358,0.481594,25003,4415736
"04-09-2015",0.459605,0.47442,0.455117,0.467874,19213,4317915
"03-09-2015",0.468598,0.474624,0.458676,0.45929,26802,4220294
"02-09-2015",0.457513,0.472726,0.45346,0.468083,17633,4306162
"01-09-2015",0.467261,0.470225,0.455776,0.458517,13804,4208587
"31-08-2015",0.465863,0.480005,0.456943,0.467238,20464,4294319
"30-08-2015",0.476522,0.481059,0.455379,0.459009,19851,4197125
"29-08-2015",0.476754,0.487442,0.4629,0.47655,30004,4373447
"28-08-2015",0.465286,0.489536,0.450725,0.481627,24895,4367323
"27-08-2015",0.495994,0.499538,0.459141,0.465475,22233,4270431
"26-08-2015",0.490084,0.519656,0.482042,0.496679,18296,4536657
"25-08-2015",0.433043,0.495155,0.413889,0.490286,32249,4439539
"24-08-2015",0.542486,0.553264,0.433056,0.434871,77454,3890557
"23-08-2015",0.552861,0.556044,0.512382,0.544585,31062,4878794
"22-08-2015",0.567801,0.57331,0.53686,0.553084,22258,4962275
"21-08-2015",0.59862,0.613015,0.566985,0.568307,40345,5135507
"20-08-2015",0.541129,0.617613,0.535015,0.597797,69637,5397532
"19-08-2015",0.488089,0.545772,0.488089,0.534101,35406,4761248
"18-08-2015",0.610303,0.620896,0.493284,0.493284,32718,4395705
"17-08-2015",0.619902,0.626488,0.586213,0.610122,45312,5464200
"16-08-2015",0.613368,0.674721,0.611529,0.620167,64263,5545722
"15-08-2015",0.611454,0.634827,0.605944,0.613236,49051,5448485
"14-08-2015",0.575992,0.614718,0.555077,0.609906,49540,5440706
"13-08-2015",0.615626,0.634651,0.564244,0.575855,51260,5165758
"12-08-2015",0.603783,0.651037,0.602168,0.622923,51925,5513472
"11-08-2015",0.656747,0.657478,0.599139,0.603582,69221,5327791
"10-08-2015",0.686737,0.698476,0.656262,0.656576,33307,5851905
"09-08-2015",0.676069,0.696012,0.633,0.674739,101826,5931904
"08-08-2015",0.742898,0.744513,0.675775,0.676046,58680,6011564
"07-08-2015",0.728998,0.750604,0.679179,0.742292,128615,6532306
"06-08-2015",0.615411,0.74654,0.615411,0.729102,179684,6434387
"05-08-2015",0.61745,0.622628,0.597039,0.618616,31532,5456861
"04-08-2015",0.595026,0.620082,0.58555,0.618406,23130,5448823
"03-08-2015",0.62588,0.62644,0.594341,0.595818,41078,5265255
"02-08-2015",0.588595,0.624904,0.571623,0.624904,58236,5432657
"01-08-2015",0.574428,0.591867,0.560702,0.588741,47982,5161926
"31-07-2015",0.58295,0.583462,0.564961,0.574956,17852,4979323
"30-07-2015",0.58992,0.58992,0.571276,0.583228,18356,5058624
"29-07-2015",0.61613,0.616264,0.585366,0.589967,23624,5138550
"28-07-2015",0.596008,0.617435,0.588746,0.615015,31583,5391474
"27-07-2015",0.580721,0.61129,0.576175,0.59605,18318,5209765
"26-07-2015",0.569399,0.602531,0.555629,0.584723,19209,5028335
"25-07-2015",0.575943,0.585839,0.562108,0.566003,28011,4933898
"24-07-2015",0.566469,0.58414,0.560192,0.576016,17108,5013020
"23-07-2015",0.573298,0.588953,0.558372,0.570335,36815,4918751
"22-07-2015",0.586897,0.590094,0.55477,0.57342,28612,4911094
"21-07-2015",0.549014,0.597732,0.546039,0.587578,44363,5075189
"20-07-2015",0.538906,0.547709,0.529836,0.547709,22420,4723784
"19-07-2015",0.528092,0.542489,0.51608,0.537989,15024,4630577
"18-07-2015",0.535249,0.546805,0.51635,0.523595,15685,4452047
"17-07-2015",0.536343,0.537956,0.507398,0.535182,10526,4616119
"16-07-2015",0.541435,0.558581,0.514705,0.536325,13229,4609203
"15-07-2015",0.562987,0.577868,0.540471,0.541855,20021,4601757
"14-07-2015",0.571649,0.581572,0.550451,0.570033,13521,4849595
"13-07-2015",0.631493,0.635161,0.545211,0.572132,17500,4805495
"12-07-2015",0.539135,0.64576,0.539135,0.628094,66012,5311337
"11-07-2015",0.520567,0.548013,0.517228,0.539175,18728,4552574
"10-07-2015",0.4863,0.555355,0.484886,0.520876,31812,4383960
"09-07-2015",0.514289,0.516238,0.482391,0.497226,32530,4215347
"08-07-2015",0.51141,0.523209,0.501646,0.51399,19413,4297510
"07-07-2015",0.507229,0.51346,0.494695,0.512376,15739,4290340
"06-07-2015",0.522178,0.524661,0.497707,0.505507,33776,4283552
"05-07-2015",0.506999,0.528074,0.499398,0.521969,21263,4360420
"04-07-2015",0.492272,0.508582,0.487245,0.507361,9823,4269594
"03-07-2015",0.492674,0.49911,0.483622,0.491196,19161,4095428
"02-07-2015",0.498977,0.506656,0.473017,0.492605,23017,4088688
"01-07-2015",0.499344,0.507624,0.485761,0.498848,16986,4165293
"30-06-2015",0.493517,0.507952,0.48222,0.500266,20586,4158403
"29-06-2015",0.469706,0.506616,0.454029,0.493447,38116,4068655
"28-06-2015",0.489918,0.496296,0.446696,0.470636,35450,3895924
"27-06-2015",0.483322,0.503799,0.475463,0.491951,25068,4055125
"26-06-2015",0.503591,0.503591,0.477839,0.484247,27929,3965524
"25-06-2015",0.509393,0.517542,0.497704,0.503678,20286,4123816
"24-06-2015",0.526948,0.531123,0.502254,0.506506,30722,4199066
"23-06-2015",0.540583,0.54128,0.518084,0.526921,34151,4356366
"22-06-2015",0.526186,0.540942,0.519536,0.540599,24145,4431240
"21-06-2015",0.537554,0.542974,0.520188,0.523274,20026,4259899
"20-06-2015",0.514188,0.546906,0.503838,0.53798,46906,4416243
"19-06-2015",0.503972,0.539115,0.495827,0.511796,36206,4163718
"18-06-2015",0.502986,0.506237,0.48855,0.50388,18521,4074761
"17-06-2015",0.507717,0.523661,0.493578,0.50334,35110,4067989
"16-06-2015",0.505134,0.515859,0.489906,0.506086,47599,4141990
"15-06-2015",0.495178,0.51544,0.493206,0.508224,27100,4134634
"14-06-2015",0.487891,0.496882,0.474605,0.49497,25286,3965898
"13-06-2015",0.470766,0.489714,0.459585,0.489472,38193,3958914
"12-06-2015",0.461866,0.496143,0.456475,0.470966,37697,3790584
"11-06-2015",0.479596,0.491135,0.458411,0.462852,39601,3703405
"10-06-2015",0.493943,0.497465,0.473942,0.479738,18563,3854754
"09-06-2015",0.543491,0.548059,0.452515,0.495991,84617,4011389
"08-06-2015",0.515774,0.552648,0.504766,0.542956,60437,4324685
"07-06-2015",0.526472,0.534333,0.495418,0.517933,60901,4157127
"06-06-2015",0.504834,0.531513,0.494784,0.526428,61552,4229839
"05-06-2015",0.476499,0.505126,0.469603,0.498892,33178,3982975
"04-06-2015",0.453636,0.484314,0.451858,0.476494,27086,3816489
"03-06-2015",0.454506,0.468198,0.452353,0.453476,20468,3571821
"02-06-2015",0.454769,0.465194,0.443201,0.455539,42022,3644488
"01-06-2015",0.451224,0.467436,0.44699,0.451619,21924,3558517
"31-05-2015",0.446073,0.482621,0.442069,0.450889,44096,3552287
"30-05-2015",0.441193,0.447659,0.429383,0.445107,16705,3545708
"29-05-2015",0.444393,0.460195,0.439708,0.439872,29580,3460323
"28-05-2015",0.425935,0.453363,0.421284,0.443637,29630,3454426
"27-05-2015",0.448145,0.448145,0.415162,0.421971,44220,3291322
"26-05-2015",0.46367,0.47053,0.434143,0.446883,32411,3520011
"25-05-2015",0.479449,0.483379,0.46172,0.463606,28042,3591248
"24-05-2015",0.470752,0.483848,0.467902,0.479603,12799,3740733
"23-05-2015",0.45893,0.491955,0.458416,0.470987,28017,3655936
"22-05-2015",0.467157,0.477355,0.421431,0.460764,52852,3571623
"21-05-2015",0.512711,0.535783,0.440916,0.462956,110387,3564787
"20-05-2015",0.51494,0.552889,0.492917,0.492917,62290,3790131
"19-05-2015",0.534982,0.550374,0.495834,0.51466,64157,3937502
"18-05-2015",0.558933,0.597701,0.517159,0.535773,66440,4161059
"17-05-2015",0.597889,0.624824,0.546362,0.557216,38552,4307143
"16-05-2015",0.546561,0.623946,0.534678,0.595673,48492,4605827
"15-05-2015",0.495878,0.569368,0.495756,0.544965,36937,4137288
"14-05-2015",0.4829,0.511704,0.475443,0.495548,24386,3823197
"13-05-2015",0.476743,0.523206,0.475371,0.483207,22340,3663162
"12-05-2015",0.513022,0.515426,0.477435,0.477612,27612,3656004
"11-05-2015",0.561128,0.56721,0.495461,0.511342,40270,3877217
"10-05-2015",0.51507,0.574016,0.498172,0.565103,25842,4324704
"09-05-2015",0.4911,0.537699,0.479652,0.513693,33579,3862036
"08-05-2015",0.474257,0.499916,0.471741,0.490568,13967,3703390
"07-05-2015",0.458921,0.486493,0.455222,0.473934,29403,3489682
"06-05-2015",0.471263,0.480915,0.445022,0.458257,29928,3415433
"05-05-2015",0.468268,0.482659,0.447593,0.471166,22379,3489682
"04-05-2015",0.498803,0.503922,0.467321,0.467889,19414,3489682
"03-05-2015",0.495055,0.513322,0.491903,0.499079,13646,3712427
"02-05-2015",0.500167,0.509485,0.484577,0.497577,12363,3712427
"01-05-2015",0.502925,0.52752,0.492795,0.499998,13570,3712427
"30-04-2015",0.49244,0.52662,0.462531,0.501179,29589,3712427
"29-04-2015",0.484513,0.502058,0.447521,0.491526,29029,3637195
"28-04-2015",0.566098,0.572987,0.445988,0.47931,97890,3555996
"27-04-2015",0.556476,0.573146,0.529841,0.566088,26268,4214191
"26-04-2015",0.563681,0.567488,0.531613,0.556385,19954,4131853
"25-04-2015",0.572382,0.585438,0.514305,0.56474,77248,4123449
"24-04-2015",0.596757,0.60509,0.56803,0.569937,18883,4188463
"23-04-2015",0.57687,0.614022,0.556235,0.603233,45474,4399746
"22-04-2015",0.631823,0.633604,0.575792,0.576331,29956,4244208
"21-04-2015",0.68176,0.68176,0.583367,0.632725,101360,4600723
"20-04-2015",0.662429,0.68435,0.649855,0.678942,28005,4955262
"19-04-2015",0.69231,0.696105,0.662209,0.662209,15323,4798665
"18-04-2015",0.658119,0.720373,0.654586,0.694249,39375,5007022
"17-04-2015",0.678462,0.684367,0.631058,0.658304,27205,4779615
"16-04-2015",0.673035,0.687646,0.652904,0.678599,42962,4914173
"15-04-2015",0.65659,0.690585,0.651108,0.673307,21974,4831221
"14-04-2015",0.697815,0.700495,0.643041,0.656934,37452,4749068
"13-04-2015",0.800405,0.801073,0.675923,0.691741,66159,4954423
"12-04-2015",0.826843,0.831293,0.795958,0.800135,22665,5732179
"11-04-2015",0.804529,0.855407,0.785581,0.827207,45289,5934139
"10-04-2015",0.759481,0.86414,0.724072,0.800381,67091,5707260
"09-04-2015",0.755325,0.762909,0.699283,0.758207,24374,5410026
"08-04-2015",0.818747,0.843535,0.724638,0.755192,33421,5398577
"07-04-2015",0.788578,0.833302,0.715785,0.833302,95347,5882917
"06-04-2015",0.877685,0.914227,0.762972,0.789463,38051,5586919
"05-04-2015",0.857369,0.919018,0.72706,0.883731,143439,6210101
"04-04-2015",0.940243,0.991304,0.714985,0.85929,128977,6055771
"03-04-2015",0.977708,1.02,0.878714,0.952245,139293,6674704
"02-04-2015",1.01,1.03,0.918268,0.96926,88831,6799816
"01-04-2015",0.907474,1.05,0.907474,1.01,119203,7064548
"31-03-2015",0.870559,1.02,0.848876,0.907059,216122,6350938
"30-03-2015",0.718821,0.890235,0.71482,0.853188,108069,5918333
"29-03-2015",0.806605,0.817701,0.701294,0.712153,58609,4932505
"28-03-2015",0.779336,0.852626,0.765332,0.795417,74210,5545048
"27-03-2015",0.744401,0.7991,0.733024,0.777714,42036,5394099
"26-03-2015",0.767811,0.778786,0.737119,0.746328,44427,5174908
"25-03-2015",0.706427,0.777912,0.665812,0.767497,98536,5300608
"24-03-2015",0.766937,0.777265,0.677083,0.711852,52144,4876345
"23-03-2015",0.775314,0.785542,0.739098,0.766353,45634,5276189
"22-03-2015",0.743241,0.806098,0.730675,0.777347,108985,5332054
"21-03-2015",0.642876,0.746377,0.628618,0.743222,61605,5047547
"20-03-2015",0.667179,0.681503,0.615417,0.633158,28023,4286916
"19-03-2015",0.646906,0.686367,0.613131,0.677382,52047,4616679
"18-03-2015",0.752673,0.752673,0.61634,0.638029,51858,4334897
"17-03-2015",0.806746,0.82073,0.740693,0.752221,61111,5068054
"16-03-2015",0.695199,0.850915,0.687812,0.805943,110309,5460661
"15-03-2015",0.674561,0.792409,0.668614,0.69425,70322,4640462
"14-03-2015",0.633491,0.724987,0.588473,0.676167,83441,4562389
"13-03-2015",0.678898,0.687685,0.632975,0.644822,56953,4283922
"12-03-2015",0.71549,0.71549,0.649881,0.684608,62621,4540490
"11-03-2015",0.792159,0.804778,0.65661,0.715782,95830,4796060
"10-03-2015",0.648228,0.829071,0.583301,0.791843,182299,5249215
"09-03-2015",0.489531,0.677262,0.464207,0.63489,110877,4176046
"08-03-2015",0.46557,0.503778,0.452096,0.484062,39107,3173946
"07-03-2015",0.486154,0.498645,0.454861,0.457321,25259,3034438
"06-03-2015",0.472445,0.519687,0.452861,0.486039,77668,3224236
"05-03-2015",0.413275,0.479477,0.408101,0.469626,45238,3084504
"04-03-2015",0.415367,0.423196,0.390815,0.413151,21345,2684433
"03-03-2015",0.428695,0.428695,0.389474,0.415078,23029,2743077
"02-03-2015",0.425727,0.431746,0.384157,0.428434,67915,2801469
"01-03-2015",0.427313,0.428362,0.397172,0.426028,23255,2794299
"28-02-2015",0.385549,0.437406,0.379742,0.427227,68062,2787350
"27-02-2015",0.357521,0.398922,0.354788,0.381008,36994,2456979
"26-02-2015",0.365299,0.371073,0.340683,0.357721,31163,2321911
"25-02-2015",0.335048,0.371745,0.321195,0.365243,33340,2380452
"24-02-2015",0.384864,0.394168,0.33761,0.340267,77991,2181914
"23-02-2015",0.314207,0.355874,0.301992,0.337887,82507,2176437
"22-02-2015",0.30275,0.313139,0.262125,0.313139,28371,1979093
"21-02-2015",0.305391,0.317549,0.294589,0.302557,14275,1910210
"20-02-2015",0.284644,0.30734,0.276358,0.305673,23536,1968789
"19-02-2015",0.249056,0.302804,0.245411,0.282791,35329,1773756
"18-02-2015",0.253632,0.25574,0.232431,0.248507,33558,1579479
"17-02-2015",0.251008,0.259335,0.245205,0.253231,16775,1575304
"16-02-2015",0.252583,0.256815,0.241612,0.251039,8801,1571115
"15-02-2015",0.279862,0.28085,0.242444,0.25138,13141,1567183
"14-02-2015",0.255242,0.28216,0.252122,0.280322,19546,1750515
"13-02-2015",0.250009,0.264404,0.237559,0.255641,12966,1621111
"12-02-2015",0.234869,0.255847,0.224266,0.246741,25486,1554591
"11-02-2015",0.244507,0.251757,0.228287,0.231497,23085,1426435
"10-02-2015",0.252897,0.254932,0.237397,0.244719,14973,1484374
"09-02-2015",0.258768,0.265256,0.24736,0.251738,12603,1542044
"08-02-2015",0.275459,0.279798,0.255687,0.265034,11615,1660967
"07-02-2015",0.270831,0.284338,0.264148,0.275702,12075,1717840
"06-02-2015",0.272327,0.281941,0.262469,0.270772,14473,1651772
"05-02-2015",0.289486,0.298088,0.266988,0.272273,13746,1647249
"04-02-2015",0.289054,0.296241,0.265131,0.289486,19736,1764298
"03-02-2015",0.300962,0.307398,0.275777,0.288734,11397,1759433
"02-02-2015",0.30081,0.305869,0.283944,0.301242,16725,1815044
"01-02-2015",0.28361,0.311151,0.272703,0.299954,17051,1809967
"31-01-2015",0.294042,0.302376,0.279501,0.284363,10211,1684553
"30-01-2015",0.306139,0.321144,0.286755,0.294018,21911,1739894
"29-01-2015",0.290276,0.318331,0.280945,0.309911,27625,1854534
"28-01-2015",0.319018,0.330095,0.276252,0.290979,16093,1729496
"27-01-2015",0.31654,0.330593,0.288746,0.320371,17844,1903279
"26-01-2015",0.315818,0.362985,0.299823,0.317078,29144,1897891
"25-01-2015",0.297115,0.33284,0.295258,0.310227,24533,1833429
"24-01-2015",0.279997,0.306491,0.266452,0.298369,16130,1769142
"23-01-2015",0.273993,0.289574,0.255464,0.283141,12269,1646291
"22-01-2015",0.261508,0.287439,0.257221,0.273442,15643,1582836
"21-01-2015",0.240656,0.262472,0.232988,0.261268,10021,1519872
"20-01-2015",0.253765,0.254656,0.230319,0.236223,8074,1398802
"19-01-2015",0.255703,0.26484,0.237711,0.254181,17060,1452818
"18-01-2015",0.24873,0.269781,0.232751,0.258656,11861,1506386
"17-01-2015",0.282024,0.284548,0.236521,0.248057,12834,1444087
"16-01-2015",0.260538,0.282141,0.247618,0.278449,14483,1612710
"15-01-2015",0.220121,0.273713,0.220121,0.261714,14019,1493038
"14-01-2015",0.300409,0.304722,0.212967,0.223522,20845,1259443
"13-01-2015",0.363763,0.365199,0.297354,0.309479,15632,1769242
"12-01-2015",0.378873,0.385037,0.360253,0.364316,12038,2048420
"11-01-2015",0.418943,0.419528,0.372444,0.378748,12932,2155607
"10-01-2015",0.425966,0.430232,0.370869,0.419216,23213,2375291
"09-01-2015",0.428426,0.441486,0.413262,0.431801,15357,2423226
"08-01-2015",0.472087,0.472087,0.429126,0.429175,18235,2416688
"07-01-2015",0.461614,0.477443,0.446402,0.463607,21150,2577318
"06-01-2015",0.42162,0.477287,0.409644,0.461609,34747,2569198
"05-01-2015",0.411376,0.447289,0.393024,0.421412,35008,2339050
"04-01-2015",0.466618,0.46779,0.398095,0.417234,29438,2331777
"03-01-2015",0.459173,0.490255,0.451601,0.461172,42366,2545565
"02-01-2015",0.473272,0.488038,0.434144,0.459137,34884,2529918
"01-01-2015",0.436241,0.4673,0.419361,0.46576,25000,2584563
"31-12-2014",0.486608,0.488417,0.424435,0.43466,37598,2357281
"30-12-2014",0.490338,0.530357,0.456339,0.489046,57426,2677579
"29-12-2014",0.564681,0.572393,0.487799,0.487799,72362,2668812
"28-12-2014",0.509646,0.611029,0.482193,0.563872,117333,3040302
"27-12-2014",0.432913,0.537681,0.4099,0.510573,98086,2759645
"26-12-2014",0.456171,0.458636,0.428161,0.4337,35090,2314680
"25-12-2014",0.422909,0.455604,0.399465,0.452427,53937,2418793
"24-12-2014",0.383242,0.458137,0.378322,0.425367,64963,2303560
"23-12-2014",0.345175,0.381363,0.334889,0.381093,25039,2029164
"22-12-2014",0.343896,0.361704,0.330488,0.344799,19493,1809304
"21-12-2014",0.338958,0.356308,0.320784,0.343806,24432,1803289
"20-12-2014",0.319682,0.341609,0.312549,0.339099,12708,1797124
"19-12-2014",0.316167,0.344685,0.304235,0.319859,16495,1685859
"18-12-2014",0.338177,0.35262,0.304904,0.316383,17760,1618832
"17-12-2014",0.347026,0.349178,0.299859,0.338319,33392,1720009
"16-12-2014",0.383263,0.391983,0.334445,0.337857,41022,1720009
"15-12-2014",0.386838,0.406343,0.377044,0.382897,23998,1922363
"14-12-2014",0.375254,0.411324,0.370846,0.383506,13827,1922363
"13-12-2014",0.375526,0.384706,0.368599,0.375961,17428,1922363
"12-12-2014",0.393799,0.397863,0.372755,0.375733,16404,1922363
"11-12-2014",0.38738,0.407224,0.376755,0.398488,22967,2023540
"10-12-2014",0.391179,0.419919,0.368985,0.389659,18125,1972952
"09-12-2014",0.448309,0.449525,0.38046,0.389608,28887,1972952
"08-12-2014",0.470613,0.497378,0.443479,0.448344,36453,2276483
"07-12-2014",0.443451,0.480663,0.443451,0.470556,21888,2374631
"06-12-2014",0.427467,0.44894,0.422849,0.443703,18704,2214834
"05-12-2014",0.455063,0.480443,0.407362,0.428893,45855,2156585
"04-12-2014",0.508874,0.517186,0.453813,0.456468,18052,2298380
"03-12-2014",0.528122,0.528122,0.48467,0.507566,26153,2538823
"02-12-2014",0.473696,0.552778,0.469477,0.527409,21322,2628605
"01-12-2014",0.567864,0.577934,0.470041,0.4745,78718,2322181
"30-11-2014",0.571386,0.580775,0.562884,0.567552,14933,2788519
"29-11-2014",0.56432,0.586719,0.559993,0.565711,17081,2788519
"28-11-2014",0.557097,0.575006,0.534664,0.564761,17670,2736412
"27-11-2014",0.560613,0.569668,0.553501,0.55754,10861,2725958
"26-11-2014",0.58257,0.624192,0.551515,0.562741,29237,2715566
"25-11-2014",0.531602,0.640426,0.53089,0.595471,84303,2898634
"24-11-2014",0.52605,0.553483,0.525883,0.53174,29694,2550345
"23-11-2014",0.535661,0.542355,0.515386,0.526897,31247,2540680
"22-11-2014",0.533662,0.557867,0.525431,0.534829,26877,2530621
"21-11-2014",0.516995,0.56325,0.500091,0.53249,34458,2520996
"20-11-2014",0.558639,0.569225,0.514469,0.525171,23232,2510917
"19-11-2014",0.596995,0.602582,0.554352,0.559003,25761,2642649
"18-11-2014",0.586133,0.603339,0.526158,0.599073,49912,2820299
"17-11-2014",0.651929,0.676593,0.556251,0.58478,152764,2715468
"16-11-2014",0.638882,0.657677,0.626272,0.654531,27107,3030772
"15-11-2014",0.692307,0.705406,0.625895,0.641145,31336,2972380
"14-11-2014",0.700665,0.701875,0.643252,0.689225,65338,3191850
"13-11-2014",0.735674,0.773504,0.665388,0.70453,41143,3224144
"12-11-2014",0.718542,0.763825,0.695158,0.73232,75047,3348828
"11-11-2014",0.734491,0.746636,0.691961,0.717955,30147,3289175
"10-11-2014",0.71667,0.762476,0.69292,0.735697,67836,3367057
"09-11-2014",0.643598,0.721369,0.634068,0.721369,44247,3261872
"08-11-2014",0.619835,0.658196,0.593668,0.643877,40713,2887466
"07-11-2014",0.590278,0.619485,0.578323,0.616295,29987,2786617
"06-11-2014",0.570834,0.597075,0.556807,0.595903,28528,2669989
"05-11-2014",0.547942,0.584644,0.547942,0.571982,25458,2536490
"04-11-2014",0.575828,0.582737,0.545748,0.547635,42253,2439977
"03-11-2014",0.577925,0.59926,0.551178,0.576323,40900,2561766
"02-11-2014",0.586417,0.586417,0.561821,0.579494,26877,2551073
"01-11-2014",0.607123,0.638227,0.571454,0.585832,33872,2583956
"31-10-2014",0.61369,0.640114,0.598314,0.607218,37303,2659765
"30-10-2014",0.632047,0.664415,0.590307,0.614064,48427,2647671
"29-10-2014",0.687775,0.699246,0.621768,0.63306,23967,2722256
"28-10-2014",0.704975,0.729839,0.604616,0.689257,82389,2967896
"27-10-2014",0.697623,0.774522,0.603494,0.722831,141319,3080550
"26-10-2014",0.74026,0.75317,0.685867,0.694402,37577,2942014
"25-10-2014",0.763826,0.771308,0.671765,0.739802,54596,3141206
"24-10-2014",0.842075,0.859968,0.744815,0.762157,52867,3211775
"23-10-2014",0.942326,0.946193,0.725042,0.865496,97124,3659339
"22-10-2014",0.956909,0.992102,0.942747,0.946716,63727,3977000
"21-10-2014",0.952061,0.979182,0.932976,0.957783,50963,4000176
"20-10-2014",0.995676,1.01,0.916824,0.950394,86281,3940507
"19-10-2014",0.965568,1.01,0.958882,0.994436,47858,4087548
"18-10-2014",0.973584,1.0,0.948108,0.96583,60842,3986209
"17-10-2014",0.998718,0.998718,0.918857,0.973198,63034,3966845
"16-10-2014",0.986954,1.03,0.91834,0.999458,59154,4069804
"15-10-2014",1.08,1.08,0.911003,0.990811,104550,4010112
"14-10-2014",1.1,1.16,1.07,1.07,63787,4313002
"13-10-2014",1.08,1.13,1.02,1.1,92059,4412721
"12-10-2014",1.08,1.1,1.04,1.09,58972,4351057
"11-10-2014",1.14,1.15,1.06,1.08,81876,4290347
"10-10-2014",1.1,1.15,1.04,1.14,121420,4505938
"09-10-2014",1.09,1.16,1.05,1.11,66785,4363878
"08-10-2014",1.0,1.11,0.949084,1.09,116352,4264889
"07-10-2014",0.980493,1.01,0.90069,1.0,68252,3892920
"06-10-2014",0.878679,0.99653,0.805445,0.979703,65377,3795700
"05-10-2014",0.977117,1.01,0.786768,0.879503,86073,3390748
"04-10-2014",1.09,1.13,0.966409,0.977628,65894,3756478
"03-10-2014",1.18,1.18,1.07,1.1,113844,4194555
"02-10-2014",1.22,1.22,1.18,1.19,61824,4514034
"01-10-2014",1.21,1.22,1.17,1.2,65140,4528081
"30-09-2014",1.16,1.25,1.14,1.22,82094,4579779
"29-09-2014",1.22,1.23,1.14,1.15,83902,4293174
"28-09-2014",1.31,1.37,1.21,1.22,84413,4529507
"27-09-2014",1.38,1.39,1.28,1.31,95657,4837424
"26-09-2014",1.4,1.46,1.32,1.39,81632,5105648
"25-09-2014",1.5,1.51,1.39,1.4,126179,5112810
"24-09-2014",1.46,1.56,1.45,1.51,122748,5484291
"23-09-2014",1.26,1.5,1.23,1.47,205229,5309428
"22-09-2014",1.27,1.34,1.21,1.26,137822,4525119
"21-09-2014",1.27,1.41,1.17,1.27,239591,4535864
"20-09-2014",1.44,1.57,1.17,1.27,362626,4511028
"19-09-2014",1.57,1.59,1.38,1.45,171739,5120432
"18-09-2014",1.74,1.74,1.5,1.57,253082,5511743
"17-09-2014",1.84,1.9,1.65,1.77,291633,6174497
"16-09-2014",1.9,1.91,1.83,1.84,149855,6385574
"15-09-2014",1.82,1.91,1.81,1.9,132403,6554579
"14-09-2014",1.85,1.89,1.79,1.82,123269,6242777
"13-09-2014",1.88,1.89,1.79,1.85,156820,6306540
"12-09-2014",1.94,2.0,1.82,1.88,166282,6369785
"11-09-2014",1.97,2.07,1.92,1.94,173065,6531918
"10-09-2014",1.77,2.08,1.76,1.97,280005,6592947
"09-09-2014",1.88,1.89,1.75,1.77,129058,5887624
"08-09-2014",1.88,1.92,1.79,1.87,158829,6181633
"07-09-2014",1.94,1.97,1.84,1.88,151671,6177433
"06-09-2014",1.98,2.0,1.9,1.95,120274,6365657
"05-09-2014",2.05,2.11,1.86,1.98,168193,6422167
"04-09-2014",2.03,2.16,1.88,2.05,186620,6606337
"03-09-2014",1.95,2.09,1.9,2.03,153437,6499029
"02-09-2014",2.05,2.07,1.89,1.96,218797,6234942
"01-09-2014",2.17,2.28,1.97,2.04,268279,6447433
"31-08-2014",2.43,2.56,2.1,2.17,308396,6812756
"30-08-2014",2.21,2.49,2.19,2.44,270668,7611522
"29-08-2014",2.18,2.28,2.14,2.21,219724,6846684
"28-08-2014",2.0,2.24,2.0,2.21,246829,6799807
"27-08-2014",2.01,2.04,1.94,2.01,125364,6141193
"26-08-2014",2.09,2.1,1.9,2.01,191411,6100342
"25-08-2014",1.95,2.08,1.89,2.05,179315,6178018
"24-08-2014",1.81,1.97,1.81,1.95,113086,5836366
"23-08-2014",1.78,1.86,1.73,1.81,81316,5377730
"22-08-2014",1.82,1.9,1.75,1.78,118268,5251109
"21-08-2014",1.84,1.9,1.78,1.82,141302,5330083
"20-08-2014",1.66,1.96,1.61,1.83,286655,5319443
"19-08-2014",1.45,1.65,1.39,1.65,98273,4761442
"18-08-2014",1.47,1.65,1.34,1.45,108222,4021844
"17-08-2014",1.6,1.65,1.42,1.46,72244,4049581
"16-08-2014",1.59,1.61,1.49,1.6,82703,4437897
"15-08-2014",1.78,1.8,1.52,1.59,182760,4410160
"14-08-2014",1.91,1.92,1.69,1.76,99815,4881687
"13-08-2014",2.0,2.04,1.83,1.9,89506,5244153
"12-08-2014",2.08,2.1,1.97,2.0,114580,5471948
"11-08-2014",2.04,2.17,1.93,2.08,132234,5649385
"10-08-2014",2.05,2.12,1.99,2.06,80847,5549995
"09-08-2014",2.17,2.18,2.08,2.1,72351,5616253
"08-08-2014",2.14,2.21,2.11,2.18,87502,5781951
"07-08-2014",2.19,2.24,2.1,2.14,88304,5628730
"06-08-2014",2.2,2.28,2.13,2.19,76411,5714205
"05-08-2014",2.01,2.2,1.98,2.15,94391,5562645
"04-08-2014",2.36,37.78,1.99,2.01,234647,5156829
"03-08-2014",2.5,2.5,2.25,2.36,144327,6002652
"02-08-2014",2.67,2.73,2.5,2.5,101031,6304864
"01-08-2014",2.57,2.67,2.49,2.67,145177,6676149
"31-07-2014",2.52,2.64,2.49,2.55,111065,6320859
"30-07-2014",2.62,2.63,2.5,2.54,79830,6238711
"29-07-2014",2.7,2.8,2.56,2.62,272756,6378599
"28-07-2014",2.55,2.7,2.42,2.7,141903,6513236
"27-07-2014",2.62,2.65,2.45,2.55,111827,6095199
"26-07-2014",2.7,2.77,2.51,2.62,125320,6205636
"25-07-2014",2.37,2.71,2.31,2.71,182887,6358768
"24-07-2014",2.92,2.97,2.28,2.36,292547,5484517
"23-07-2014",3.2,3.24,2.84,2.91,274946,6699706
"22-07-2014",3.09,3.32,3.01,3.2,262049,7295188
"21-07-2014",2.67,3.14,2.65,3.09,243140,6975026
"20-07-2014",2.88,2.93,2.58,2.63,116853,5879115
"19-07-2014",2.59,3.07,2.54,2.88,169471,6373318
"18-07-2014",3.03,3.29,2.46,2.62,348336,5739510
"17-07-2014",2.71,3.58,2.64,2.98,503684,6461794
"16-07-2014",2.16,2.93,2.05,2.71,353430,5814459
"15-07-2014",1.95,2.2,1.79,2.11,136205,4477945
"14-07-2014",1.79,1.99,1.62,1.97,100284,4136762
"13-07-2014",1.73,1.97,1.46,1.79,122049,3719241
"12-07-2014",1.79,1.94,1.72,1.73,65375,3555933
"11-07-2014",1.86,1.92,1.72,1.79,116666,3638974
"10-07-2014",2.03,2.09,1.86,1.89,89099,3799948
"09-07-2014",2.3,2.31,1.99,2.01,69554,3995727
"08-07-2014",1.98,2.36,1.97,2.35,94993,4617817
"07-07-2014",2.4,2.4,1.95,1.99,111370,3865263
"06-07-2014",2.47,2.48,2.29,2.4,77663,4610684
"05-07-2014",2.64,2.64,2.44,2.47,68525,4690162
"04-07-2014",2.64,3.0,2.54,2.64,148555,4951445
"03-07-2014",2.31,2.82,2.23,2.64,168532,4890738
"02-07-2014",2.34,2.54,2.26,2.31,101095,4226548
"01-07-2014",2.51,2.65,2.34,2.35,98540,4247555
"30-06-2014",2.55,2.7,2.44,2.5,124575,4460389
"29-06-2014",2.55,2.76,2.26,2.54,138511,4473103
"28-06-2014",2.32,2.9,2.25,2.55,184970,4431155
"27-06-2014",2.98,3.0,2.07,2.2,250643,3771685
"26-06-2014",3.28,3.38,2.8,2.89,117740,4889809
"25-06-2014",3.23,3.39,2.63,3.39,217183,5651600
"24-06-2014",3.93,4.07,2.96,3.28,150995,5399377
"23-06-2014",4.28,4.82,3.77,3.98,433301,6462161
"22-06-2014",4.98,5.21,4.02,4.35,491984,6966956
"21-06-2014",4.33,5.85,4.14,5.01,723077,7902244
"20-06-2014",3.17,4.59,3.12,4.56,543764,7082643
"19-06-2014",2.78,3.52,2.68,3.13,283962,4788858
"18-06-2014",2.9,2.98,2.46,2.79,183102,4201118
"17-06-2014",3.15,3.31,2.72,2.82,228445,4180380
"16-06-2014",2.72,3.55,2.62,3.18,438776,4641648
"15-06-2014",2.32,2.75,2.25,2.69,150652,3860761
"14-06-2014",1.93,2.82,1.88,2.34,276919,3309167
"13-06-2014",1.65,1.96,1.62,1.92,84237,2668523
"12-06-2014",1.62,2.17,1.53,1.74,108619,2377811
"11-06-2014",1.72,2.17,1.53,1.62,85735,2175650
"10-06-2014",1.48,2.39,1.31,1.73,182599,2287345
"09-06-2014",1.33,1.64,1.27,1.52,56500,1971401
"08-06-2014",1.36,1.44,1.24,1.34,40634,1707611
"07-06-2014",1.24,1.69,1.21,1.36,44187,1701799
"06-06-2014",1.46,1.51,1.17,1.24,100635,1523654
"04-06-2014",1.93,1.99,1.71,1.81,51886,2142205
"03-06-2014",1.73,2.1,1.65,1.93,91332,2237456
"02-06-2014",1.76,1.94,1.6,1.73,47672,1965213
"01-06-2014",1.94,2.57,1.54,1.74,130602,1937298
"31-05-2014",1.58,2.28,1.41,1.94,117399,2115176
"30-05-2014",1.68,1.87,1.08,1.57,119296,1670077
"29-05-2014",2.21,2.49,1.68,1.68,109157,1746258
"28-05-2014",2.24,2.85,1.91,2.27,177716,2316481
"27-05-2014",3.03,3.03,2.07,2.21,97603,2201579
"26-05-2014",3.22,3.76,2.31,3.02,220148,2944320
"25-05-2014",4.04,4.04,2.8,3.14,283545,2994713
"24-05-2014",2.92,4.01,2.62,3.7,248028,3454370
"23-05-2014",2.05,3.43,2.05,2.96,266852,2689436
"22-05-2014",1.59,2.19,1.36,2.1,132918,1859522
"21-05-2014",2.47,2.65,1.23,1.6,246540,1380432
