Date,Open,High,Low,Close,Volume,Market Cap
11/5/18,207.1,210.82,206.57,209.09,1613510000,21540893856
11/4/18,200.16,211.27,198.99,207.49,1749300000,21371828848
11/3/18,200.74,200.74,199.53,200.19,1307150000,20615851076
11/2/18,198.98,201.27,198.75,200.63,1451870000,20482679355
11/1/18,197.54,203.75,197.33,198.87,1336700000,20471899882
10/31/18,197.65,198.34,196.53,197.38,1442380000,20314525207
10/30/18,197.2,198.12,196.35,197.56,1363500000,20328991627
10/29/18,205.17,205.6,195.73,197.25,1517230000,20293119917
10/28/18,204.51,205.92,203.52,205.37,1139140000,21124318787
10/27/18,203.36,206.08,203.13,204.21,1084810000,21000852986
10/26/18,202.34,204.78,201.55,203.33,1161310000,20906233654
10/25/18,203.87,204.13,201.82,202.72,1102900000,20839361864
10/24/18,204.13,205.58,203.35,203.85,1102220000,20951397461
10/23/18,204.02,205.15,201.91,204.34,1237490000,20997592900
10/22/18,205.17,206.93,203.38,204.04,1328980000,20962566341
10/21/18,205.39,208.16,204.62,205.14,1190300000,21071425351
10/20/18,203.51,206.22,203.09,205.43,1238780000,21097037288
10/19/18,203.26,204.66,201.84,203.73,1264480000,20918281422
10/18/18,207.4,208.47,201.74,203.35,1365860000,20875136033
10/17/18,210.22,211.13,205.93,207.08,1444130000,21253809828
10/16/18,209.63,212.17,207.98,210.12,1532280000,21561538445
10/15/18,195.27,222.12,194.16,209.7,2865830000,21514164081
10/14/18,199.69,201.83,195.24,195.72,1169260000,20074884133
10/13/18,196.36,201.28,196.36,199.84,1167610000,20494427219
10/12/18,188.71,199.4,188.71,196.73,1487900000,20171465375
10/11/18,225.61,225.61,189.28,189.5,2167620000,19426284231
10/10/18,227.62,227.71,224.5,225.77,1384040000,23139815562
10/9/18,229.71,230.16,226.4,227.98,1405130000,23361686457
10/8/18,226.51,230.76,224.56,229.25,1470740000,23488185260
10/7/18,225.44,226.37,223,226.12,1470480000,23161870406
10/6/18,227.55,227.93,224.25,225.12,1505070000,23054817090
10/5/18,222.27,228.32,220.96,227.6,1547330000,23304132210
10/4/18,220.45,226.15,220.09,222.22,1479500000,22748785601
10/3/18,226.41,226.46,213.97,220.49,1683930000,22567191435
10/2/18,231.1,231.17,225.84,227.18,1542080000,23247301143
10/1/18,233.22,234.15,226.94,230.77,1597500000,23609932636
9/30/18,231.33,236.99,228.44,232.85,1765560000,23818010080
9/29/18,221.71,234.01,216.08,231.63,2208720000,23688472554
9/28/18,229.04,231.75,218.67,222.4,2018120000,22740029072
9/27/18,215.44,230.61,212.65,228.49,2030320000,23358055828
9/26/18,218.65,221.44,209.11,215.85,1756100000,22061470925
9/25/18,228.33,228.33,206.49,218.5,2120360000,22328838918
9/24/18,244.84,245.11,227.49,228.73,1748740000,23368514476
9/23/18,240.99,247.46,237.86,244.33,1693470000,24957339671
9/22/18,247.34,251.2,233.81,240.48,1921820000,24559189740
9/21/18,225.25,248.39,221.57,246.58,2836200000,25177153569
9/20/18,210.29,224.82,207.79,224.59,1782070000,22927198724
9/19/18,209.47,213.87,201.66,209.97,1733330000,21430425395
9/18/18,197.09,213.36,195.93,209.97,1800640000,21427138528
9/17/18,221.58,224.26,195.31,197.88,2019910000,20188412622
9/16/18,222.8,222.8,211.12,220.59,1502260000,22500850649
9/15/18,209.81,226.6,209.61,223.07,1670490000,22749239391
9/14/18,212.67,222.79,204.87,211.75,2232190000,21590468958
9/13/18,183.68,214,183.68,211.35,2330720000,21545368070
9/12/18,185.42,185.59,170.26,183.33,1874850000,18685217457
9/11/18,198.18,198.51,180.6,185.07,1568900000,18858789569
9/10/18,197.85,201.88,189.58,197.08,1502960000,20078625863
9/9/18,198.38,207.67,188.31,196.92,1585980000,20058301360
9/8/18,217.91,220.37,193.26,197.95,1517200000,20159208124
9/7/18,229.53,233.9,217.07,217.2,1678260000,22115217446
9/6/18,231.65,231.75,218.12,230.22,2097310000,23435242846
9/5/18,286.05,288.16,232.33,232.33,2390390000,23646269998
9/4/18,289.3,291.58,284.25,285.72,1554870000,29074437826
9/3/18,295.18,295.59,287.43,289.26,1394490000,29428718639
9/2/18,295.45,298.69,290.93,294.37,1321050000,29942616509
9/1/18,283.5,301.14,283.5,295.34,1546630000,30035225714
8/31/18,284.12,284.55,278.51,283,1411910000,28774515801
8/30/18,289.75,291.24,275.21,284.11,1513100000,28881566430
8/29/18,296.16,297.07,287.29,289.31,1474460000,29404256454
8/28/18,286.65,297.4,283.57,296.5,1513350000,30129004553
8/27/18,275.35,285.6,273.65,285.6,1406790000,29015570162
8/26/18,279.52,279.52,272.44,275.2,1206650000,27953333721
8/25/18,283.28,283.51,278.47,279.65,1208360000,28399619141
8/24/18,278.11,283.3,273.86,282.97,1450170000,28731009952
8/23/18,271.75,279.55,271.09,277.1,1271160000,28129256612
8/22/18,281.97,297.49,265,271.34,1507660000,27539018185
8/21/18,273.33,285.97,273.33,281.94,1164120000,28609125434
8/20/18,301.38,304.37,273.51,274.31,1413790000,27830282489
8/19/18,295.67,307.1,291.33,300.83,1447910000,30513620047
8/18/18,316.79,320.45,286.55,295.81,1764020000,29998382029
8/17/18,287.68,316.17,287.35,315.73,1995460000,32012022672
8/16/18,282.74,298.48,280.93,288.05,1552970000,29199634126
8/15/18,280.39,303.59,280.12,282.36,1878150000,28617067717
8/14/18,286.37,286.37,254.65,278.93,2137850000,28263766472
8/13/18,320.21,323.55,284.93,286.5,1751190000,29023983959
8/12/18,320.82,328.59,318.6,319.57,1625420000,32368768332
8/11/18,334.26,334.26,308.49,322.11,1790370000,32619478884
8/10/18,365.78,367.05,329.59,334.18,1699400000,33834890081
8/9/18,356.97,370.95,353.61,365.59,1616610000,37007593484
8/8/18,379.89,380.67,353.73,356.61,2016080000,36091263181
8/7/18,406.8,411.4,376.08,380.21,1828350000,38471914304
8/6/18,410.57,414.54,403.31,406.66,1384880000,41139992795
8/5/18,407.35,413.72,402.43,410.52,1396820000,41522119692
8/4/18,418.24,420.19,403.78,407.25,1466540000,41183013444
8/3/18,412.57,420.55,399.91,418.26,1722340000,42287775770
8/2/18,420.81,425.03,410.31,412.62,1569300000,41709082526
8/1/18,433.87,435.46,410.46,420.75,1888060000,42522240407
7/31/18,457.25,457.25,430.44,433.87,1820680000,43839337364
7/30/18,466.83,467.95,448.64,457.08,2141590000,46175116407
7/29/18,466.92,470.36,462.71,466.67,1631910016,47134386674
7/28/18,469.68,471.59,462.99,466.9,1531890048,47148055849
7/27/18,464.01,473.22,458.29,469.67,1734259968,47418159220
7/26/18,472.33,483.7,461.42,464.04,1621560064,46840235011
7/25/18,479.91,482.87,466.47,472.49,1930780032,47683528117
7/24/18,451.14,481.14,450.57,479.37,2287520000,48367907222
7/23/18,459.44,469.77,449.73,450.85,1596999936,45480998854
7/22/18,462.44,470.9,458.12,459.66,1338589952,46360332330
7/21/18,450.68,468.08,445.78,462.44,1504310016,46631124090
7/20/18,469.31,469.31,443.69,450.7,1821350016,45438021154
7/19/18,480.63,483.24,465.14,469.62,2068739968,47336000761
7/18/18,500.84,513.43,474.36,480.51,2371559936,48423853296
7/17/18,480.08,508.78,468.92,501,2288100096,50478564773
7/16/18,450.42,480.66,446.8,480.66,1858680064,48419227993
7/15/18,435.88,454,433.92,449.85,1350160000,45306414379
7/14/18,434.51,439.43,431.47,436.09,1235820032,43911596336
7/13/18,430.74,442.36,430.74,434.03,1489670016,43695290789
7/12/18,446.5,446.5,422.81,430.07,1495440000,43287891563
7/11/18,434.52,447.32,429.51,446.52,1422470016,44934472499
7/10/18,476.16,478.32,433.96,434.42,1789069952,43707839327
7/9/18,488.88,490.85,475.17,476.68,1533799936,47950010843
7/8/18,492.07,503.2,488.42,489.12,1344560000,49191261748
7/7/18,474.06,491.66,466.84,491.66,1358360064,49436674027
7/6/18,474.36,479.65,457.61,474.01,1627609984,47652223006
7/5/18,467.29,483.23,464.63,474.41,1828610048,47682767002
7/4/18,464.15,481.44,455.18,467.32,1549769984,46960592849
7/3/18,475.39,483.85,462.58,464.2,1683939968,46637569584
7/2/18,453.82,479.13,447.11,475.35,1625789952,47748045305
7/1/18,455.24,457.14,446.39,453.92,1511730048,45586062575
6/30/18,436.21,458.8,436.21,455.18,1475939968,45703302057
6/29/18,422.59,441.79,407.95,436.01,1564499968,43769509934
6/28/18,442.29,443.62,419.68,422.36,1360790016,42390623225
6/27/18,432.24,444.24,424.84,442.36,1368940032,44388929160
6/26/18,460.73,461.21,432.77,432.77,1356560000,43417697599
6/25/18,455.94,470.34,448.9,460.31,4007950080,46171165113
6/24/18,474.77,475.36,426.47,457.67,2490579968,45896955639
6/23/18,466.27,479.13,462.39,474.52,1651379968,47577076103
6/22/18,527.19,527.19,456.88,465.82,2226030080,46695160358
6/21/18,536.45,543.72,524.26,527.37,1462070016,52854222121
6/20/18,538.51,541.02,519.37,536.27,1596290048,53735233277
6/19/18,519.02,542.35,516.31,537.96,1726569984,53893492102
6/18/18,499.38,521.8,494.07,518.89,1513869952,51972419008
6/17/18,499.46,507.64,498.65,500.45,1264870016,50115121568
6/16/18,490.41,503.22,488.85,499.64,1314109952,50023818460
6/15/18,520.48,521.3,487.47,491,1808269952,49148683691
6/14/18,478.38,523.54,467.47,519.74,2458650112,52014866507
6/13/18,498.02,501.9,459,477.49,2080130048,47776750554
6/12/18,532.71,538.96,491.23,496.84,1932760064,49702685049
6/11/18,524.86,536.86,515.27,533.28,1982119936,53337066224
6/10/18,594.34,594.34,511.89,526.48,2234880000,52645985456
6/9/18,600.91,608.58,597.56,597.56,1519309952,59741501683
6/8/18,605.44,608.81,595.59,601.08,1637779968,60080908723
6/7/18,607.69,616.14,601.69,605.19,1880140032,60479179200
6/6/18,610.26,611.64,596.4,607.12,1756530048,60659442988
6/5/18,593.41,611.33,580.98,609.3,1844269952,60864680719
6/4/18,619.44,623.43,583.75,592.98,1903430016,59222374515
6/3/18,591.26,624.51,591.26,618.33,1832550016,61740921697
6/2/18,580.43,597.08,577.32,591.81,1880390016,59081079782
6/1/18,578.67,589.09,567.66,580.04,1945890048,57894051150
5/31/18,558.5,585.54,557.07,577.65,1985040000,57643637757
5/30/18,566.83,583.14,545.43,559.59,2053970048,55829809818
5/29/18,516.15,572.26,516.15,565.39,2330820096,56396787154
5/28/18,573.04,576.05,512.55,516.04,2356900096,51463545538
5/27/18,588.52,590.33,562.87,572.67,1788790016,57099271468
5/26/18,587.43,606.17,583.51,587.28,1694300032,58544016481
5/25/18,602.14,617.19,575.62,586.73,2110919936,58477041603
5/24/18,584.54,610.82,557.21,601.76,2791099904,59962592532
5/23/18,646.67,651.64,572.95,583.59,2995429888,58140164949
5/22/18,700.18,700.98,644.03,647.74,2230469888,64517563802
5/21/18,717.19,719.28,692.49,699.22,2005170048,69630833430
5/20/18,697.92,723.75,692.67,715.37,2156910080,71224312825
5/19/18,695.07,715.58,686.79,696.53,2021549952,69334147804
5/18/18,672.1,695.03,663.81,694.37,2305740032,69104754412
5/17/18,708.72,718.83,668.83,672.66,2350619904,66930237113
5/16/18,708.09,710.2,682.54,707.05,2476130048,70337446110
5/15/18,731.14,739.05,700.99,708.87,2523069952,70504010738
5/14/18,732.73,742.17,695.79,730.55,3005110016,72645281143
5/13/18,687.17,741.31,675.32,733.5,2362500096,72923675797
5/12/18,679.88,691.41,644.07,686.05,2668480000,68192227253
5/11/18,727.01,736.98,669.83,679.59,3290080000,67536100086
5/10/18,752.58,766.75,726.66,727.28,2748950016,72260415848
5/9/18,752.9,759.53,718.47,752.28,2877870080,74728936410
5/8/18,755.01,774.25,728.13,752.86,2920489984,74771111916
5/7/18,793.34,795.76,710.18,753.72,4316120064,74841159315
5/6/18,816.09,835.06,764.88,792.31,3105570048,78656563516
5/5/18,784.58,827.46,784.24,816.12,3035040000,81003446787
5/4/18,776.78,803.75,762.63,785.62,3533410048,77959909301
5/3/18,686.59,784.34,686.59,779.54,4210939904,77340541582
5/2/18,674.08,688.84,667.42,687.15,2822269952,68160078446
5/1/18,670.46,674.4,637.54,673.61,2678960128,66802936472
4/30/18,689.76,694.44,666.12,669.92,2853100032,66423315651
4/29/18,683.91,697.76,670.51,688.88,2740559872,68289054572
4/28/18,644.65,691.44,644.65,683.68,2496659968,67759406223
4/27/18,662.11,684.87,647.03,647.03,2598129920,64113907247
4/26/18,618.08,663.18,604.01,662.81,2984009984,65664045204
4/25/18,707.06,707.06,600.21,615.42,4216140032,60956362906
4/24/18,643.4,708.88,643.4,708.16,3581860096,70127540593
4/23/18,621.2,646.7,621.03,642.55,2386830080,63617218184
4/22/18,606.12,640.77,593.87,621.86,2426269952,61556034018
4/21/18,616,621.89,578.55,605.4,2612460032,59914327025
4/20/18,567.99,618.72,560.28,615.72,2849469952,60923016189
4/19/18,524.04,567.89,523.26,567.89,2256869888,56178870927
4/18/18,503.31,525.09,503.05,524.79,1762940032,51904326790
4/17/18,511.14,518.03,502.56,502.89,1760359936,49728123575
4/16/18,532.07,534.2,500.25,511.15,1758979968,50534482391
4/15/18,502.88,531.7,502.88,531.7,1726089984,52555221774
4/14/18,492.58,512.02,488.28,501.48,1519079936,49557922982
4/13/18,493.16,526.47,482.66,492.73,2419249920,48683166467
4/12/18,430.16,493.06,417.41,492.94,2519360000,48693745700
4/11/18,415.02,430.54,412.47,430.54,1439040000,42521044919
4/10/18,399.41,415.89,393.88,414.24,1196000000,40902834172
4/9/18,400.86,429.25,390.61,398.53,1478390016,39343413076
4/8/18,385.74,402.59,385.6,400.51,948488000,39530758184
4/7/18,370.38,393.06,369.94,385.31,951475008,38022662648
4/6/18,382.73,385.2,366.91,370.29,967105984,36532972198
4/5/18,379.95,387.72,369.82,383.23,1210680064,37801811128
4/4/18,416.48,417.47,375.31,380.54,1287730048,37528637774
4/3/18,387.31,418.97,383.53,416.89,1363399936,41104984702
4/2/18,379.7,395.17,377.59,386.42,1102259968,38092784948
4/1/18,397.25,400.53,363.8,379.61,1256930048,37413703094
3/31/18,395,418.47,392.95,396.46,1323920000,39066380955
3/30/18,385.9,409.93,368.63,394.64,1878130048,38878973355
3/29/18,448.08,450.81,385.81,385.97,1970230016,38016924205
3/28/18,450.29,466.21,444.86,446.28,1514179968,43948170796
3/27/18,489.59,491.46,449.97,450.12,1617939968,44317167945
3/26/18,524.29,526.38,470.44,489.95,1638880000,48228743893
3/25/18,522.7,535.82,515.66,524.29,1151170048,51598343204
3/24/18,542.57,545.38,526.08,526.44,1300009984,51799222306
3/23/18,539.86,540.49,512.13,539.62,1596349952,53085004282
3/22/18,562.1,577.57,523.09,539.7,1523459968,53081953938
3/21/18,559.1,589.61,550.57,561.73,1781270016,55237194647
3/20/18,556.72,567.09,521.2,557.17,1833680000,54777490597
3/19/18,546.63,558.1,519.12,556.73,2046790016,54722866316
3/18/18,551.64,551.64,460.09,538.64,2685499904,52933791090
3/17/18,601.68,609.15,549.1,552.78,1267810048,54312133741
3/16/18,611.78,623.17,587.86,601.67,1417350016,59103424800
3/15/18,614.84,620.62,579.51,611.3,1770460032,60036840733
3/14/18,691.22,702.78,594.1,614.29,1810560000,60317927037
3/13/18,698.15,713.73,682.35,690.83,1425959936,67819386633
3/12/18,724.41,742.51,683.27,699.83,1764999936,68688666689
3/11/18,685.31,735.83,668.12,723.34,1562680064,70981441768
3/10/18,730.16,748.03,682.7,686.89,1532960000,67390487256
3/9/18,702.2,729.16,648.11,728.92,2233019904,71499126110
3/8/18,752.57,773.77,696.17,704.6,1891640064,69099243935
3/7/18,816.27,825.61,726.55,752.83,2175419904,73813820260
3/6/18,853.82,853.82,809.93,816.95,1943069952,80083831862
3/5/18,866.85,869.92,853.52,853.68,1898489984,83666950966
3/4/18,856.19,867.95,840.28,866.68,1697939968,84923436748
3/3/18,856.71,868.45,855.21,857.22,1699369984,83979161236
3/2/18,871.76,876.38,852.42,856.85,1894419968,83925396163
3/1/18,856.01,880.3,851.92,872.2,1868519936,85410827044
2/28/18,877.93,890.11,855.12,855.2,1963980032,83728662050
2/27/18,870.36,896.26,867.1,878.27,2053980032,85969277535
2/26/18,845.28,880.39,842.32,869.32,2044480000,85075462526
2/25/18,839.46,853.15,822.38,844.81,1646960000,82659602549
2/24/18,861.59,879.53,818.55,840.52,1926579968,82222867050
2/23/18,811.59,886.32,794.79,864.19,2334820096,84520665292
2/22/18,849.26,875.93,802.67,812.84,2150370048,79481651128
2/21/18,894.14,912.38,830.56,849.97,2531729920,83094983296
2/20/18,943.57,965.27,892.95,895.37,2545260032,87514899803
2/19/18,921.67,957.78,921.55,943.86,2169019904,92235152946
2/18/18,973.35,982.93,915.45,923.92,2567290112,90267707771
2/17/18,944.75,976.59,940.75,974.11,2525720064,95151468111
2/16/18,934.79,950.01,917.85,944.21,2369449984,92211437655
2/15/18,923.73,951.95,911.11,936.98,2900100096,91486253379
2/14/18,844.28,926.43,844.28,923.56,2818370048,90156908310
2/13/18,869.29,870.71,828.84,845.26,2081170048,82496384400
2/12/18,817.51,875.94,817.51,868.71,2243450112,84767330448
2/11/18,859.29,859.29,788.22,814.66,2486650112,79476512346
2/10/18,882.47,917.4,825.58,860.41,2930530048,83922501509
2/9/18,818.48,884,788.83,883.86,2495820032,86191435113
2/8/18,755.84,845.09,755.84,817.81,3708189952,79733902301
2/7/18,790.43,851.2,723.43,757.07,3896179968,73796483464
2/6/18,707.74,796.44,574.42,793.12,6518269952,77294312959
2/5/18,834.96,856.65,644.6,697.95,4269530112,68005186749
2/4/18,964.67,969.03,805.06,834.68,2997090048,81310327001
2/3/18,919.21,991.94,847.69,964.02,3243480064,93890396431
2/2/18,1035.77,1035.77,757.98,915.78,6713290240,89173475201
2/1/18,1119.37,1161.35,984.82,1036.79,5261680128,1.00935E+11
1/31/18,1071.09,1128.66,1034.5,1118.31,3757560064,1.08849E+11
1/30/18,1184.13,1184.63,1058.97,1071.13,4107859968,1.04234E+11
1/29/18,1246.7,1256.7,1169.08,1182.36,3715079936,1.15035E+11
1/28/18,1111.78,1257.77,1111.78,1246.01,5372329984,1.21202E+11
1/27/18,1055.75,1121.98,1042.12,1107.07,3002870016,1.07664E+11
1/26/18,1052.7,1080.6,996.78,1055.17,3617690112,1.02595E+11
1/25/18,1063.22,1104.66,1034.74,1056.03,4050190080,1.02657E+11
1/24/18,987.48,1062.44,965.81,1058.78,3944039936,1.02903E+11
1/23/18,1004.17,1023.23,920.54,986.23,3556699904,95831456724
1/22/18,1055.35,1089.1,930.74,1003.26,3810099968,97465684892
1/21/18,1155.68,1155.68,1021.5,1049.58,3378089984,1.01944E+11
1/20/18,1044.95,1167.11,1044.95,1155.15,3975190016,1.12174E+11
1/19/18,1028.82,1093.22,1003.71,1039.1,4084450048,1.00883E+11
1/18/18,1016.44,1100.31,967.76,1036.28,5938319872,1.00588E+11
1/17/18,1061.34,1090.23,780.92,1014.25,8545160192,98429091483
1/16/18,1292.63,1292.63,875.54,1053.69,8405139968,1.02231E+11
1/15/18,1365.21,1390.59,1290.6,1291.92,4781100032,1.2532E+11
1/14/18,1397.48,1400.56,1286.21,1366.77,4841630208,1.32555E+11
1/13/18,1270.47,1432.88,1270.47,1396.42,5746760192,1.35401E+11
1/12/18,1158.29,1296.04,1120.09,1273.2,5222300160,1.23427E+11
1/11/18,1268.09,1337.3,1135.17,1154.93,7235899904,1.11937E+11
1/10/18,1300.34,1417.38,1226.6,1255.82,9214950400,1.21689E+11
1/9/18,1146,1320.98,1145.49,1299.74,7965459968,1.25918E+11
1/8/18,1158.26,1266.93,1016.05,1148.53,8450970112,1.11245E+11
1/7/18,1043.01,1153.17,1043.01,1153.17,5569880064,1.11671E+11
1/6/18,995.15,1060.71,994.62,1041.68,4662219776,1.00852E+11
1/5/18,975.75,1075.39,956.33,997.72,6683149824,96574936373
1/4/18,961.71,1045.08,946.09,980.92,6502859776,94924115240
1/3/18,886,974.47,868.45,962.72,5093159936,93146829619
1/2/18,772.35,914.83,772.35,884.44,5783349760,85552597154
1/1/18,755.76,782.53,742,772.64,2595760128,74724136742
12/31/17,712.21,760.35,710.12,756.73,2554269952,73169880893
12/30/17,753.82,753.82,685.23,717.26,3187780096,69338760713
12/29/17,740.39,770.12,729.61,753.59,2648969984,72835135408
12/28/17,762.21,763.32,701.19,737.02,2389149952,71218764919
12/27/17,774.97,789.25,738.41,762.84,2100029952,73698183852
12/26/17,763.37,786.79,760.93,773.84,2201159936,74745000293
12/25/17,698.87,782.52,698.87,765.83,2491760128,73955371072
12/24/17,721.77,721.77,614.92,694.15,2300549888,67019430520
12/23/17,681.32,763.9,679.73,719.39,2480339968,69441587236
12/22/17,822.64,827.68,543.76,674.86,4977710080,65129109279
12/21/17,820.24,880.54,792.69,821.06,3569060096,79221606876
12/20/17,827.52,845.06,756,819.09,3969939968,79014816697
12/19/17,793.9,881.94,785.34,826.82,4096549888,79743451020
12/18/17,721.73,803.93,689.23,794.65,3249230080,76624379616
12/17/17,696.24,735.83,696.24,719.97,2147389952,69408543315
12/16/17,686.19,718.39,680.79,696.21,2165690112,67103792307
12/15/17,696.38,697.13,621.06,684.45,2758710016,65956367048
12/14/17,700.59,753.12,664.99,695.82,3821580032,67037302476
12/13/17,644.91,747.99,597.8,702.77,4524539904,67692520393
12/12/17,522.29,657.32,504.49,651.43,5179829760,62733885932
12/11/17,440.36,516.97,439.1,515.14,1771440000,49598312323
12/10/17,472.79,472.79,429.51,441.72,1404179968,42520383340
12/9/17,457.34,504.15,456.25,473.5,2003849984,45569888204
12/8/17,434.99,466.06,422.37,456.03,2336379904,43879159857
12/7/17,426.37,441.4,414.41,434.41,2129570048,41790040408
12/6/17,462.6,462.71,420.21,428.59,1998259968,41221190297
12/5/17,470.29,473.56,457.66,463.28,1216720000,44548063170
12/4/17,466.05,474.78,453.31,470.2,1005550016,45203760576
12/3/17,463.7,482.81,451.85,465.85,990556992,44776074375
12/2/17,466.85,476.24,456.65,463.45,943649984,44535960029
12/1/17,445.21,472.61,428.31,466.54,1247879936,44823457371
11/30/17,431.21,465.5,401.24,447.11,1903040000,42947553015
11/29/17,473.28,522.31,425.07,427.52,2675940096,41057094904
11/28/17,480.52,482.48,466.35,472.9,1346499968,45405525879
11/27/17,471.53,493.4,468.48,480.36,1396480000,46112041410
11/26/17,465.97,472.72,451.61,471.33,1197779968,45235644664
11/25/17,475.68,485.19,461.05,466.28,1422080000,44741477370
11/24/17,412.5,480.97,402.76,474.91,2292829952,45559925527
11/23/17,381.44,425.55,376.09,410.17,1845680000,39340791690
11/22/17,360.31,381.42,360.15,380.65,800819008,36501687138
11/21/17,367.44,372.47,350.69,360.4,949912000,34552463877
11/20/17,354.09,372.14,353.29,366.73,807027008,35151847935
11/19/17,347.4,371.29,344.74,354.39,1181529984,33961813418
11/18/17,331.98,349.62,327.69,347.61,649638976,33304968937
11/17/17,330.17,334.96,327.52,332.39,621732992,31839966023
11/16/17,333.44,336.16,323.61,330.92,797254016,31692412369
11/15/17,337.96,340.91,329.81,333.36,722665984,31919347790
11/14/17,316.76,340.18,316.76,337.63,1069680000,32321287910
11/13/17,307.02,328.42,307.02,316.72,1041889984,30313217595
11/12/17,314.69,319.15,298.51,307.91,1613479936,29463731957
11/11/17,298.59,319.45,298.19,314.68,842300992,30105190159
11/10/17,320.67,324.72,294.54,299.25,885985984,28622901790
11/9/17,308.64,329.45,307.06,320.88,893249984,30685201816
11/8/17,294.27,318.7,293.1,309.07,967955968,29549552410
11/7/17,298.57,304.84,290.77,294.66,540766016,28165874390
11/6/17,296.43,305.42,293.72,298.89,579358976,28564105338
11/5/17,300.04,301.37,295.12,296.26,337657984,28306765700
11/4/17,305.48,305.48,295.8,300.47,416479008,28702832891
11/3/17,288.5,308.31,287.69,305.71,646339968,29197221851
11/2/17,290.73,293.91,281.17,287.43,904900992,27445537853
11/1/17,305.76,306.4,290.58,291.69,553864000,27846382630
10/31/17,307.38,310.55,305.88,305.88,369583008,29194847431
10/30/17,304.78,310.5,304.35,307.75,331441984,29366984508
10/29/17,296.38,313.76,296.38,305.09,551752000,29107018065
10/28/17,297.92,300.36,293.58,296.3,264424000,28262393729
10/27/17,296.51,299.26,294.06,297.42,257168992,28363153471
10/26/17,298.02,301.07,295.22,296.53,270272992,28272211696
10/25/17,298.44,301.85,290.72,297.92,325040000,28398709036
10/24/17,287.12,311.96,282.66,298.33,684281024,28431766645
10/23/17,295.1,295.75,277.58,286.95,482336000,27341319877
10/22/17,300.55,305.5,292.81,295.45,327387008,28145175831
10/21/17,303.57,303.93,291.77,300.19,408014016,28590599919
10/20/17,308.05,311.44,303.49,304.01,396672992,28948297688
10/19/17,314.54,316.71,305.83,308.09,349830016,29330495241
10/18/17,316.94,317.24,290.64,314.32,606113984,29917179805
10/17/17,333.48,333.48,311.79,317.08,509924000,30173419493
10/16/17,336.71,349.35,332.04,333.38,692884992,31717820197
10/15/17,339.53,342.72,320.43,336.6,635406976,32018719688
10/14/17,338.85,347.98,334.7,339.63,516561984,32301649875
10/13/17,304.08,348.6,299.66,338.76,1304359936,32213727133
10/12/17,303.5,309.15,303.29,304.14,527556992,28916905549
10/11/17,301.18,304.39,299.1,303.46,264146000,28847591817
10/10/17,297.6,306.15,293.17,299.87,359705984,28501667384
10/9/17,308.67,309.31,288.18,297.39,559467008,28261343586
10/8/17,311.06,312.54,308.03,308.61,293167008,29322900644
10/7/17,308.89,313.13,304.98,311.12,342204992,29556668400
10/6/17,295.15,308.84,294.95,308.59,318664000,29311673287
10/5/17,292.77,298.04,288.84,295.86,253747008,28098051420
10/4/17,292.75,299.39,290.89,292.66,257906000,27789634478
10/3/17,297.48,300.11,288.13,292.46,321680000,27766158989
10/2/17,302.48,302.92,294.58,297.48,339443008,28238238298
10/1/17,301.55,303.19,295.06,302.34,306184992,28695015287
9/30/17,291.48,303.96,291.11,301.46,332439008,28606931826
9/29/17,299.12,299.92,279.77,291.47,541374976,27654574920
9/28/17,306.47,307.2,295.47,299.15,501894016,28378817876
9/27/17,287.02,308.02,286.82,306.47,550243968,29068627504
9/26/17,292.35,293.75,287.02,287.44,345800992,27259205469
9/25/17,282.22,293.52,281.88,292.33,483160992,27718494827
9/24/17,286.21,292.95,278.13,282.48,571411008,26780326573
9/23/17,264.6,286.17,261.12,286.17,450934016,27125727405
9/22/17,258.11,270.54,256.22,264.31,430080992,25049676632
9/21/17,283.26,286.61,255.02,258.58,601265984,24502550354
9/20/17,282.02,290.89,278.05,283.74,421404000,26881183440
9/19/17,293.66,295.77,274.48,282.8,646908992,26786706378
9/18/17,252.23,293.5,252.23,293.5,1127750016,27794517514
9/17/17,245.85,257,235.24,251.75,427452000,23835982863
9/16/17,250.87,262.59,238.22,246.52,711737024,23336068544
9/15/17,215.22,258.65,195.04,250.46,1935699968,23704187600
9/14/17,276.59,280.84,213.91,213.91,1184589952,20240822917
9/13/17,291.12,291.12,260.61,277.11,921692032,26215640928
9/12/17,294.63,311.2,287.23,291.46,753144000,27567639273
9/11/17,289.74,300.69,286.68,294.53,571307008,27852397020
9/10/17,294.06,294.76,268.97,288.75,698326016,27300373439
9/9/17,296.17,299.89,287.22,294.4,528620992,27828962478
9/8/17,329.64,329.64,285.16,296.5,1098780032,28021833867
9/7/17,333.52,333.52,319.94,329.43,718624000,31127652368
9/6/17,313.8,334.66,313.49,334.34,1058830016,31585103311
9/5/17,297.57,318.57,268.29,312.99,1551049984,29562351570
9/4/17,347.13,347.13,279.94,295.17,1801689984,27873587720
9/3/17,350.23,366.49,332.23,347.48,986265984,32806764389
9/2/17,387.82,389.35,328.1,348.98,1483600000,32941873158
9/1/17,383.47,390.04,383.47,387.74,874222016,36593316386
8/31/17,378.44,386.14,376.35,383.04,706254016,36142518100
8/30/17,369.47,388.75,361.97,378.48,1333319936,35705168194
8/29/17,347.96,373.76,347.79,370.67,1220029952,34961346236
8/28/17,350.04,352.05,338.41,347.75,854318976,32792918253
8/27/17,334.36,347.89,334.36,347.89,633369984,32799708893
8/26/17,331.99,334.98,327.92,333.88,514180992,31472592635
8/25/17,326.11,336.4,325.8,331.92,760329024,31281681387
8/24/17,317.45,327.96,317.08,325.61,697665024,30680870074
8/23/17,315.27,324.21,314.54,317.52,811990016,29911420366
8/22/17,321.05,327.36,297.91,314.79,1336400000,29647130216
8/21/17,300.48,347.05,297.23,321.59,2448969984,30280312181
8/20/17,296.64,301.43,291.58,301.43,571947008,28375234761
8/19/17,296.18,301.67,286.18,297.47,860201984,27995885731
8/18/17,301.7,307.96,292.5,295.59,936160000,27812276025
8/17/17,302.8,311.03,300.25,301.46,909494016,28357855776
8/16/17,289.82,303.41,285.39,302.27,967643008,28427244000
8/15/17,299.95,300.41,279.33,289.82,1051800000,27249827696
8/14/17,298.03,306.81,296.41,300.1,864390976,28209733120
8/13/17,310.37,310.82,289.31,298.06,1369369984,28011384615
8/12/17,308.71,317.56,307.9,310.6,1111650048,29183045278
8/11/17,294.49,309.21,294.49,308.86,953576000,29012790748
8/10/17,296.96,306.59,289.93,295.89,1076819968,27787978006
8/9/17,297.63,318.72,276.69,296.03,2638579968,27794757322
8/8/17,269.1,298.91,266.8,296.77,1502409984,27857806168
8/7/17,261.24,271.96,256.69,269.18,935726976,25262099071
8/6/17,256.42,271.05,252.85,261.57,1482979968,24542185638
8/5/17,222.85,256.51,221.95,256.51,1332999936,24062047610
8/4/17,225.31,227.62,222.06,223.07,539782976,20920400686
8/3/17,220.18,228.29,219.89,225.34,557217024,21128549393
8/2/17,227.01,229.51,218.12,219.95,632606016,20618559369
8/1/17,204.69,227.74,204.69,226.77,1585330048,21253081767
7/31/17,197.4,203.87,193.41,203.87,569414016,19102503055
7/30/17,206.74,208.54,196.15,197.98,596233984,18545856904
7/29/17,193.34,208.68,179.65,205.79,824355008,19272374151
7/28/17,204.32,204.9,192.3,193.12,562571008,18081008225
7/27/17,204.86,206.44,201.26,204.32,393283008,19124655454
7/26/17,207.09,210.77,194.78,203.95,717692032,19085052068
7/25/17,224.37,225.32,195.85,206.71,1095760000,19338262506
7/24/17,226.29,227.54,222.45,224.71,431691008,21016661649
7/23/17,229.12,231.68,217.72,225.95,649614976,21127201905
7/22/17,217.86,232.7,216.87,229.48,618259968,21451647484
7/21/17,226.06,235.12,213.01,218.3,1006129984,20401242231
7/20/17,205.42,233.9,203.22,227.26,2224999936,21233184709
7/19/17,234.94,245.65,191.74,199.7,2328790016,18653330509
7/18/17,195.03,267.99,182.06,234.39,2709260032,21887869393
7/17/17,159.99,194.75,158.04,193.42,1669500032,18057362272
7/16/17,169.57,172.01,133.72,157.36,1516889984,14687161601
7/15/17,199.71,200.16,170.65,170.65,810451968,15923487039
7/14/17,209.53,211.1,187.37,199.66,749382016,18625608115
7/13/17,231.81,231.81,200.07,209.73,828489024,19560021142
7/12/17,197.15,230.77,189.59,230.77,1241190016,21516779217
7/11/17,211.52,220.29,183.39,197.4,1440950016,18400667840
7/10/17,243.01,243.07,196.96,215.36,937219008,20069653272
7/9/17,251.82,255.1,242.14,242.14,505118016,22559400446
7/8/17,245.89,273.48,236.55,251.7,754958016,23443292505
7/7/17,270.35,273.94,244.17,245.99,687251968,22900041552
7/6/17,268.86,278.48,265.51,270.55,623080000,25179441977
7/5/17,273.1,275.13,261.45,268.77,790256000,25011338049
7/4/17,282.19,287.39,273.11,273.3,687691008,25425581681
7/3/17,288.41,291.1,281.18,282.9,851408000,26310947685
7/2/17,275.12,295.51,262.52,287.99,1123330048,26776522916
7/1/17,293.35,293.75,268.62,274.6,1089200000,25524220651
6/30/17,303.15,315.17,288.44,294.92,1011800000,27405103555
6/29/17,328.37,330.71,297.37,302.88,1508579968,28136639868
6/28/17,293.04,333.1,276.41,327.93,2056550016,30454855932
6/27/17,272.69,293.09,227.14,293.09,1973869952,27211464741
6/26/17,302.95,311.46,238.65,272.69,2081810048,25309574339
6/25/17,323.47,332.79,284.65,303.25,1186880000,28138594944
6/24/17,341.63,343.62,322.09,323.7,673585024,30027609752
6/23/17,336.48,348.01,334.99,341.74,593206976,31692001662
6/22/17,337.73,342.03,330.62,336.37,925766976,31185233454
6/21/17,359.54,361.34,319.48,336.87,1420130048,31222637631
6/20/17,370.33,377.97,350.94,359.01,1020390016,33261422124
6/19/17,371.86,377.11,369.76,370.06,685171968,34279285759
6/18/17,379.52,390.58,368.84,371.46,904702976,34398335405
6/17/17,369.88,379.41,364,379.41,904652992,35123683407
6/16/17,361.18,373.05,341.42,370.23,1096280064,34263373099
6/15/17,358.51,364.44,300.7,361.93,2463450112,33484980597
6/14/17,397.59,399.32,342.21,359.05,1272579968,33208381074
6/13/17,395.69,411.18,370.06,397.54,1717379968,36757078508
6/12/17,341.16,414.76,341.16,401.49,2882650112,37110948645
6/11/17,338.79,353.01,318.17,340.61,1373219968,31474058225
6/10/17,282.01,350.26,282.01,337.67,1611629952,31192965237
6/9/17,261.75,282.76,261.75,281.74,557985984,26018375705
6/8/17,257.99,262.25,253.98,261.67,385494016,24157699206
6/7/17,264.26,264.67,254.04,258.07,461648992,23818207909
6/6/17,248.6,267.51,246.84,264.47,741553024,24401550185
6/5/17,245.26,249.47,243.05,248.46,435660000,22917541537
6/4/17,224.12,250.41,223.98,245.33,753820032,22622023132
6/3/17,223.46,225.97,219.42,224.38,427896000,20684084337
6/2/17,222.29,229.41,219.58,223.77,469532000,20621701520
6/1/17,230.89,236.22,214.48,222.24,812924032,20474745009
5/31/17,231.58,236.96,215.57,230.67,1271600000,21244909240
5/30/17,195.61,233.71,189.29,231.91,1586669952,21352458111
5/29/17,170.13,197.13,164.53,194.91,718828032,17939974232
5/28/17,158.82,179.93,157.6,170.51,717971008,15689100535
5/27/17,159.82,166.95,120.44,157.76,1217059968,14511391014
5/26/17,175.22,193.69,150.28,160.4,792457984,14749613734
5/25/17,189.85,210.98,170.51,174.45,943636992,16036533582
5/24/17,182.65,228.37,182.45,190.05,561014016,17465103133
5/23/17,170.82,183.55,169.93,181.95,530708992,16715518784
5/22/17,158.17,201.75,152.47,174.26,1188909952,16004064272
5/21/17,127.54,159.03,125.89,157.94,570361024,14500696964
5/20/17,129.22,133.64,124.7,126.52,331455008,11612356163
5/19/17,97.05,133.56,97.05,129.53,626945024,11884908192
5/18/17,89.84,97.37,89.84,96.91,196236992,8889136742
5/17/17,89.25,91.27,84.43,89.86,183031008,8239911490
5/16/17,92.39,93.56,89.12,89.44,152284992,8198905870
5/15/17,90.78,95.43,86.83,92.41,170999008,8468511127
5/14/17,90.87,91.25,89.61,90.79,66046600,8317469243
5/13/17,88.69,93.81,86.66,90.84,88742200,8319487937
5/12/17,89.43,93.12,88.66,88.66,145824992,8117237336
5/11/17,89.77,102.55,88.48,89.88,132722000,8226247706
5/10/17,91.15,92.85,85.29,89.52,145602000,8190635354
5/9/17,91.23,93.06,80.39,91.16,363433984,8337993103
5/8/17,93.75,95.14,89.51,91.42,231344000,8359048840
5/7/17,97.87,98.24,89.87,94.01,183295008,8593101095
5/6/17,94.91,97.88,90.95,97.81,151462000,8937523334
5/5/17,96.73,103.23,92.22,94.4,331928000,8623129191
5/4/17,79.72,97.56,79.43,96.98,366847008,8855922603
5/3/17,77.25,80.1,75.76,79.72,141922000,7277443563
5/2/17,76.65,79.35,74.38,77.26,193772992,7050594966
5/1/17,79.32,82.52,73.09,76.3,376841984,6960740167
4/30/17,68.54,79.02,68.35,79.02,229944992,7206560477
4/29/17,71.39,71.9,66.78,68.38,165448000,6234193715
4/28/17,62.23,70.85,62.13,70.16,346545984,6394428160
4/27/17,52.81,62.17,52.29,62.17,246775008,5664367209
4/26/17,49.91,53.44,49.91,52.72,104884000,4801823683
4/25/17,50.07,50.3,49.81,49.89,38264600,4542599498
4/24/17,48.87,50.18,48.87,50.03,55580600,4553806577
4/23/17,48.59,48.89,48.17,48.49,36234000,4412189990
4/22/17,48.18,48.74,48.17,48.55,37357600,4416169144
4/21/17,49.64,49.66,48.14,48.22,45048300,4384704914
4/20/17,48.13,49.99,48.13,49.67,79600896,4515041581
4/19/17,50.73,50.95,47.26,48.31,76281000,4389946829
4/18/17,48.32,51.03,48.3,50.71,78748496,4606534276
4/17/17,48.66,48.75,48.05,48.3,44013300,4386134314
4/16/17,49.04,49.14,48.19,48.72,31343800,4422780484
4/15/17,47.65,49.57,47.18,49.1,66207800,4455780367
4/14/17,49.97,50.05,46.76,47.57,91674400,4315507009
4/13/17,46.31,50.91,46.31,50.22,157200000,4554353864
4/12/17,43.46,47.23,43.11,46.29,88045696,4196547770
4/11/17,43.5,44.25,43.3,43.41,38303300,3934140048
4/10/17,43.28,44.14,42.42,43.44,44061500,3935538134
4/9/17,44.28,44.49,42.89,43.27,55143000,3918835132
4/8/17,41.8,45.21,41.73,44.31,74138800,4011684938
4/7/17,42.87,44.04,41.65,42.16,81474704,3815727731
4/6/17,45.22,45.64,40.9,43.24,147120000,3912127962
4/5/17,44.66,47.84,44.54,45.3,119733000,4097116011
4/4/17,43.92,45.74,41.72,44.64,157568000,4036029409
4/3/17,48.82,48.82,43.41,44.36,190512992,4009334570
4/2/17,50.74,51.27,45.43,48.75,134604000,4404592879
4/1/17,50.03,51.93,48.88,50.7,92461904,4579233096
3/31/17,51.75,51.77,47.38,50.04,151416000,4518079498
3/30/17,53.12,53.31,51.87,52.21,86885696,4712375672
3/29/17,50.57,53.87,50.55,53.13,144998000,4793775936
3/28/17,49.71,50.96,49.15,50.77,97745296,4579251532
3/27/17,51.31,52.46,48.93,49.67,118978000,4478517787
3/26/17,50.77,51.8,49.28,50.52,106859000,4553594247
3/25/17,53.58,53.58,48.31,51.25,223059008,4617794703
3/24/17,43.64,54.14,43.21,53.11,297046016,4783736460
3/23/17,42.57,44.75,41.3,43.68,100724000,3933007999
3/22/17,43.12,43.52,39.69,42.34,113952000,3811040774
3/21/17,43.51,44.26,42.37,43.15,91265400,3882595598
3/20/17,44.83,46.23,42.44,43.39,154700992,3902844609
3/19/17,35.53,47,35.34,44.74,239430000,4022858108
3/18/17,46.87,46.87,31.7,34.16,262180000,3070482538
3/17/17,45.93,55.11,38.21,46.83,497534016,4207855716
3/16/17,35.36,47.17,35.36,46.35,454417984,4163251005
3/15/17,28.65,35.06,28.43,35.06,170344000,3148057259
3/14/17,28.57,29.93,27.32,28.65,101797000,2571602106
3/13/17,23.5,30.6,23.5,28.59,255488000,2565323074
3/12/17,21.46,23.44,21.38,23.44,74628896,2102482562
3/11/17,19.37,21.59,19.01,21.47,69150096,1925118775
3/10/17,17.74,19.66,17.68,19.33,87506800,1732630986
3/9/17,16.64,17.87,16.37,17.75,31418400,1590458490
3/8/17,18.88,18.88,16.65,16.65,44304600,1491382386
3/7/17,19.58,19.63,18.64,18.89,37972200,1691432413
3/6/17,19.28,20.1,19.11,19.61,32432700,1755292688
3/5/17,18.5,19.42,18.23,19.3,26816300,1726942825
3/4/17,19.52,20.06,18.62,18.62,27341900,1665509975
3/3/17,19.04,20.67,18.41,19.46,95863400,1740039219
3/2/17,17.36,19.35,16.95,19.03,83627104,1700994071
3/1/17,15.85,17.37,15.56,17.35,44927500,1550278671
2/28/17,15.45,16.06,15.12,15.82,65478900,1413075390
2/27/17,14.51,15.68,14.27,15.4,31667000,1375069557
2/26/17,13.52,14.54,13.4,14.52,20307500,1296040794
2/25/17,13.06,13.72,12.98,13.55,18533900,1209027978
2/24/17,13.13,13.23,12.88,13.07,19574400,1165787121
2/23/17,12.6,13.21,12.56,13.12,14522300,1169836660
2/22/17,12.69,12.76,12.55,12.6,10360900,1123077173
2/21/17,12.34,12.77,12.21,12.67,15183300,1128924203
2/20/17,12.77,12.9,12.43,12.43,12994400,1107149378
2/19/17,12.82,12.87,12.71,12.76,7799740,1136142449
2/18/17,12.71,12.83,12.68,12.81,9370010,1140193395
2/17/17,12.9,12.91,12.66,12.68,11636500,1128226623
2/16/17,12.92,12.92,12.54,12.9,38002600,1147397569
2/15/17,13.04,13.04,12.64,12.92,18464700,1148769302
2/14/17,11.29,13.33,11.29,13.03,42911500,1158136070
2/13/17,11.38,11.39,11.17,11.27,7216520,1001348518
2/12/17,11.35,11.4,11.3,11.4,6264900,1012537512
2/11/17,11.29,11.43,11.24,11.35,7544520,1007738469
2/10/17,11.05,11.34,10.78,11.28,11914200,1001166859
2/9/17,11.44,11.6,10.67,11.03,18400300,978630496
2/8/17,11.54,11.63,11.24,11.43,9688630,1013760899
2/7/17,11.43,11.61,11.41,11.52,7629640,1021377838
2/6/17,11.35,11.48,11.34,11.39,5695440,1009493508
2/5/17,11.44,11.49,11.32,11.35,5942960,1005589226
2/4/17,11.13,11.5,11.13,11.43,14139500,1012315910
2/3/17,10.81,11.11,10.76,11.11,12897800,983621370
2/2/17,10.74,10.89,10.55,10.82,10172500,957607931
2/1/17,10.74,10.85,10.56,10.73,12852200,949305927
1/31/17,10.56,10.75,10.55,10.73,11648700,948970054
1/30/17,10.49,10.71,10.47,10.57,8042180,934487271
1/29/17,10.56,10.57,10.45,10.48,4689950,926195147
1/28/17,10.54,10.58,10.43,10.56,6580700,932936958
1/27/17,10.58,10.61,10.44,10.54,7189170,930838149
1/26/17,10.57,10.67,10.51,10.59,8465020,934924383
1/25/17,10.62,10.62,10.48,10.57,6751450,932822552
1/24/17,10.73,10.77,10.57,10.63,8327330,937783779
1/23/17,10.71,10.84,10.67,10.82,7267210,954205349
1/22/17,10.91,10.97,10.58,10.7,8678620,943285752
1/21/17,10.6,10.98,10.58,10.91,11937600,961454321
1/20/17,10.39,10.76,10.35,10.6,10992800,933801396
1/19/17,10.24,10.44,10.18,10.4,8347550,915858426
1/18/17,10.3,10.52,9.94,10.23,10788200,900559397
1/17/17,9.64,10.61,9.54,10.3,18391900,906395526
1/16/17,9.88,9.93,9.58,9.64,14937400,848014402
1/15/17,9.83,10,9.6,9.9,14837900,870574367
1/14/17,9.79,9.89,9.44,9.65,20085800,848284193
1/13/17,9.83,9.85,9.51,9.77,25066600,858525019
1/12/17,9.72,10.08,9.18,9.86,30453800,866120792
1/11/17,10.54,10.66,9.46,9.72,26823500,853516417
1/10/17,10.37,10.69,10.29,10.55,10879700,926066294
1/9/17,10.31,10.78,10.14,10.33,25718300,906430673
1/8/17,9.87,10.39,9.83,10.29,16676600,902594312
1/7/17,10.24,10.28,9.59,9.87,23153600,865440915
1/6/17,10.29,10.63,9.63,10.25,29471800,898433963
1/5/17,11.29,11.89,9.4,10.25,41557400,898112361
1/4/17,9.71,11.28,9.56,11.25,41051200,985375751
1/3/17,8.37,10,8.32,9.73,33625200,851927950
1/2/17,8.17,8.44,8.05,8.38,14579600,733462067
1/1/17,7.98,8.47,7.98,8.17,14731700,714824349
12/31/16,8.15,8.16,7.91,7.97,9066800,697072316
12/30/16,8.29,8.47,8.05,8.16,13909900,713435369
12/29/16,7.54,8.53,7.54,8.28,27543800,723664526
12/28/16,7.15,7.62,7.08,7.52,17453300,657002274
12/27/16,7.28,7.32,7.09,7.17,8778610,626197086
12/26/16,7.13,7.33,7.05,7.27,5836810,634703623
12/25/16,7.26,7.34,7.14,7.18,8671840,626619014
12/24/16,7.15,7.41,7.15,7.27,7626020,634240925
12/23/16,7.58,7.69,7.16,7.17,19613100,625292244
12/22/16,7.9,7.91,7.5,7.59,16376700,661683791
12/21/16,7.66,7.94,7.66,7.91,9393550,689335524
12/20/16,7.63,7.75,7.57,7.66,6313550,667306476
12/19/16,7.87,7.87,7.63,7.64,5894760,665322326
12/18/16,7.86,7.93,7.72,7.87,5890020,685103961
12/17/16,7.86,7.9,7.52,7.88,8502620,685723269
12/16/16,7.86,7.93,7.8,7.86,5178610,683731516
12/15/16,8.24,8.24,7.72,7.83,13184400,680873393
12/14/16,8.45,8.52,8.25,8.27,7337220,718874874
12/13/16,8.52,8.53,8.35,8.42,4486190,731645199
12/12/16,8.19,8.61,8.17,8.52,9119700,740063901
12/11/16,8.13,8.27,8.1,8.19,5545500,711142832
12/10/16,8.44,8.53,8.02,8.13,8108370,705674667
12/9/16,8.17,8.67,8.05,8.45,12916300,733182498
12/8/16,8.38,8.86,8.23,8.23,16042700,713833156
12/7/16,7.89,8.54,7.33,8.38,22229600,726574059
12/6/16,6.8,7.92,5.98,7.87,50671200,682106193
12/5/16,7.41,7.64,6.66,6.82,17344500,590882757
12/4/16,7.9,7.95,7.44,7.44,8450790,644366996
12/3/16,7.77,8.15,7.67,7.92,12112100,685692122
12/2/16,8.46,8.46,7.42,7.76,18579800,671590713
12/1/16,8.6,8.65,8.36,8.45,5882340,731038059
11/30/16,8.16,8.75,8.16,8.59,10626600,742877520
11/29/16,8.73,8.74,7.88,8.17,17000400,706295005
11/28/16,9,9.01,8.72,8.72,6046890,753554909
11/27/16,9.31,9.33,8.78,9,8707660,777446088
11/26/16,9.42,9.5,9.31,9.33,3505990,805637398
11/25/16,9.23,9.75,9.21,9.4,7669720,811376999
11/24/16,9.85,9.85,8.93,9.23,15987800,796394349
11/23/16,9.92,9.96,9.76,9.84,4812310,848708452
11/22/16,9.63,10.24,9.59,9.91,11284400,854422542
11/21/16,9.58,9.64,9.54,9.62,3663210,829119717
11/20/16,9.66,9.71,9.52,9.58,5173420,825367294
11/19/16,9.48,9.75,9.48,9.66,5186540,831946162
11/18/16,9.99,10.01,9.48,9.48,10816100,816137419
11/17/16,10.06,10.19,9.92,9.99,6984700,859712780
11/16/16,10.22,10.33,9.93,10.06,9533550,865427390
11/15/16,9.97,10.32,9.85,10.22,6557550,878868054
11/14/16,10.1,10.16,9.96,9.97,3573250,857055952
11/13/16,9.89,10.41,9.84,10.1,8227770,867909392
11/12/16,10.29,10.34,9.7,9.88,10052500,848684617
11/11/16,10.51,10.57,10.26,10.29,6056300,883574014
11/10/16,10.67,10.68,10.51,10.52,4253980,902993762
11/9/16,10.82,10.83,10.22,10.66,14606600,914678224
11/8/16,10.85,10.92,10.74,10.83,6258150,928929444
11/7/16,10.9,10.96,10.78,10.81,5992480,926864320
11/6/16,10.99,11.25,10.85,10.87,5688710,931647489
11/5/16,11.09,11.24,10.88,11,5502670,942439782
11/4/16,10.82,11.12,10.82,11.09,9958040,949802083
11/3/16,10.8,11.11,10.76,10.8,15228600,924631045
11/2/16,10.77,11.16,10.69,10.75,11691700,920014482
11/1/16,10.96,11.18,10.3,10.77,22901300,921391096
10/31/16,11.23,11.5,10.94,11,13393900,940732202
10/30/16,10.43,11.45,10.29,11.18,16694900,955768084
10/29/16,11.1,11.2,9.56,10.44,27070400,892172633
10/28/16,11.47,11.58,10.95,11.09,13971500,947391064
10/27/16,11.53,11.61,11.26,11.5,13255400,982059393
10/26/16,11.38,11.66,11.38,11.53,10221800,984258380
10/25/16,11.97,11.99,11.15,11.41,19316000,973650409
10/24/16,12.04,12.1,11.91,11.97,5739690,1021057293
10/23/16,12.13,12.14,11.94,12.04,5774660,1026642307
10/22/16,12.18,12.19,11.95,12.07,7583820,1028821948
10/21/16,12.13,12.21,12.02,12.18,5676920,1037812139
10/20/16,12.05,12.29,12,12.1,8170760,1030607408
10/19/16,12.59,12.62,11.91,12.02,10576200,1023378139
10/18/16,12,12.93,12,12.59,18864200,1071490401
10/17/16,11.96,12.03,11.86,12.01,5724440,1021728110
10/16/16,11.98,12.01,11.93,11.95,3617280,1016237243
10/15/16,11.94,12,11.78,11.98,4991840,1018393961
10/14/16,11.99,12.07,11.9,11.94,4333510,1014609133
10/13/16,11.91,12.13,11.78,11.96,8665190,1015914939
10/12/16,11.78,12.07,11.71,11.93,9694640,1012951139
10/11/16,11.76,12.16,11.75,11.79,11727700,1000673723
10/10/16,12.06,12.06,11.62,11.76,10809200,997745685
10/9/16,12.22,12.36,11.98,12.05,7208480,1021950288
10/8/16,12.67,12.69,12.05,12.22,11611200,1035959526
10/7/16,12.85,12.99,12.53,12.67,8933050,1073651019
10/6/16,13.03,13.14,12.69,12.85,12044800,1088434695
10/5/16,13.28,13.35,13.04,13.04,9881370,1104100682
10/4/16,13.45,13.53,13.21,13.28,8348280,1123981780
10/3/16,13.2,13.49,13.19,13.45,7458320,1137939203
10/2/16,13.18,13.3,13.14,13.2,4079660,1116348486
10/1/16,13.2,13.31,13.05,13.17,6331160,1113340310
9/30/16,13.08,13.34,13.02,13.22,5950840,1117111780
9/29/16,13.28,13.34,13.07,13.07,5990630,1104022845
9/28/16,13.11,13.48,13.08,13.27,10239000,1120488140
9/27/16,12.86,13.21,12.86,13.1,6831070,1105708972
9/26/16,13.17,13.17,12.74,12.82,7213070,1081623362
9/25/16,12.85,13.11,12.8,13.1,5283440,1104825649
9/24/16,13.32,13.34,12.68,12.88,9824880,1085828058
9/23/16,13.21,13.45,13.1,13.33,9166430,1123321267
9/22/16,13.66,13.66,12.48,13.25,27382800,1116125102
9/21/16,14.43,14.43,13.17,13.77,28645000,1159492209
9/20/16,13.21,14.43,13.12,14.43,31929100,1214604529
9/19/16,12.44,13.19,12.42,13.19,13838800,1109801947
9/18/16,12.69,12.99,12.16,12.43,22433300,1045361897
9/17/16,12.56,12.76,12.44,12.7,7446610,1067762839
9/16/16,11.96,12.75,11.9,12.56,17421500,1055588470
9/15/16,11.94,12.14,11.92,11.94,7309090,1003096879
9/14/16,11.9,12,11.86,11.92,5694820,1001032573
9/13/16,11.89,12.09,11.88,11.92,11704300,1000645065
9/12/16,11.64,11.95,11.61,11.89,7478080,997747325
9/11/16,12.21,12.21,11.59,11.64,8791180,976393568
9/10/16,11.66,12.22,11.54,12.17,7220300,1020457547
9/9/16,11.41,11.68,11.39,11.65,6109200,976483832
9/8/16,11.55,11.7,11.25,11.35,11535000,950973237
9/7/16,11.69,11.73,11.52,11.55,6115050,967362066
9/6/16,11.73,11.73,11.47,11.69,6346330,978710588
9/5/16,11.68,11.81,11.59,11.72,5724100,980850589
9/4/16,11.75,11.79,11.47,11.68,7220550,977126893
9/3/16,12.11,12.36,11.35,11.76,13358800,983445040
9/2/16,11.96,12.31,11.88,12.11,9368300,1012332686
9/1/16,11.67,12.58,11.65,11.99,24051500,1001913238
8/31/16,11.24,11.68,11.18,11.67,11073700,974802646
8/30/16,10.99,11.3,10.96,11.23,7221260,937688411
8/29/16,10.92,11.15,10.79,10.98,8130540,916463987
8/28/16,11.15,11.15,10.92,10.93,5303040,911941645
8/27/16,11.29,11.29,11.14,11.15,15108400,929939771
8/26/16,11.35,11.45,11.21,11.3,5857850,942085430
8/25/16,11.03,11.39,11.02,11.36,8552380,946725570
8/24/16,11.02,11.15,11.01,11.04,4423420,919702201
8/23/16,11.14,11.23,10.9,11.03,6489380,918513370
8/22/16,11.19,11.34,11.07,11.12,6588920,925650330
8/21/16,11.25,11.25,10.99,11.18,4355660,930283629
8/20/16,10.75,11.3,10.75,11.25,7443540,935740168
8/19/16,10.75,10.8,10.73,10.75,5390850,893805562
8/18/16,10.75,11.01,10.74,10.76,6935800,894294260
8/17/16,11.13,11.15,10.75,10.75,8833760,893110432
8/16/16,11.23,11.24,11,11.14,7051510,925155650
8/15/16,11.2,11.31,11,11.22,7500840,931439815
8/14/16,11.58,11.69,11.1,11.19,8680160,928587320
8/13/16,11.77,11.79,11.51,11.57,7539490,959751348
8/12/16,11.69,12.04,11.64,11.78,13690100,976794670
8/11/16,12.14,12.27,11.63,11.69,17505000,968956132
8/10/16,12.23,12.46,11.98,12.14,28096300,1005865180
8/9/16,11.27,12.45,11.2,12.24,36656600,1013756944
8/8/16,10.91,11.33,10.86,11.25,14956700,931394222
8/7/16,10.86,11.09,10.78,10.91,16551000,902894484
8/6/16,10.92,10.94,10.29,10.88,16712600,900060689
8/5/16,11.02,11.18,10.76,10.93,15487900,903851830
8/4/16,10.31,11.29,10.16,11.04,38151400,912591680
8/3/16,8.88,10.42,8.88,10.29,53979400,850256393
8/2/16,10.95,11.14,8.2,8.79,88803296,726034250
8/1/16,11.89,12.01,10.94,10.94,23999500,903276401
7/31/16,12.44,12.51,11.55,11.88,25441400,980513324
7/30/16,12.8,12.8,12.46,12.46,9047810,1027981956
7/29/16,12.84,12.87,12.55,12.79,14082300,1054803047
7/28/16,12.98,12.99,12.49,12.84,24603900,1058516728
7/27/16,12.05,13.31,11.84,12.97,58278800,1068813789
7/26/16,13.82,13.85,11.73,11.99,94428800,987660999
7/25/16,12.74,13.86,12.68,13.84,36673800,1139625985
7/24/16,14.3,14.44,12.32,12.75,77750800,1049464695
7/23/16,14.67,14.9,14.05,14.3,32489700,1176596173
7/22/16,12.66,14.81,12.54,14.66,74779504,1205742083
7/21/16,12.46,12.71,11.99,12.65,24636900,1040024540
7/20/16,11.59,12.99,11.57,12.45,60226100,1023173314
7/19/16,11.05,12.01,11.01,11.62,21730000,954590764
7/18/16,11.17,11.61,10.95,11.03,15931900,905771724
7/17/16,11.62,11.67,11.01,11.16,17921600,916084188
7/16/16,11.92,11.94,11.59,11.65,10445700,955936205
7/15/16,11.5,12.43,11.49,11.95,26838900,980168297
7/14/16,10.6,11.68,10.6,11.51,23621900,943711177
7/13/16,10.51,10.59,10.4,10.5,6715660,860566741
7/12/16,10.45,10.76,10.43,10.52,11127700,861867850
7/11/16,10.94,11.01,10.26,10.46,13098000,856619929
7/10/16,10.96,11.01,10.78,10.95,5479240,896398324
7/9/16,11.42,11.46,10.73,10.97,17254800,897684751
7/8/16,10.12,11.52,9.96,11.39,20039800,931680625
7/7/16,10.54,10.57,9.8,10.11,15407200,826656252
7/6/16,10.58,11.11,10.28,10.53,18137300,860661378
7/5/16,11.46,11.52,9.58,10.61,45526900,866857297
7/4/16,11.7,11.88,11.39,11.47,12943500,936758739
7/3/16,12.12,12.15,11.59,11.72,10588700,956799659
7/2/16,12.22,12.22,11.95,12.13,8987070,989882272
7/1/16,12.44,12.49,11.73,12.2,17236500,995205177
6/30/16,12.6,12.74,12.25,12.46,15801300,1016008255
6/29/16,12.17,13.04,11.69,12.61,26982800,1027836328
6/28/16,13.93,13.98,11.72,12.18,43436600,992398577
6/27/16,13.81,14.12,13.75,13.88,10994700,1130465139
6/26/16,14.26,14.37,13.66,13.85,14747600,1127576757
6/25/16,14.3,14.58,14.02,14.28,15383100,1162123565
6/24/16,13.68,14.57,13.22,14.33,33332900,1165738006
6/23/16,13.22,13.79,12.56,13.68,30806400,1112420671
6/22/16,13.2,15.79,13.1,13.1,96994096,1064839760
6/21/16,11.82,13.42,11.29,13.31,69245600,1081474642
6/20/16,12.24,12.45,10.52,11.84,58143600,961654544
6/19/16,11.17,13.18,10.64,12.23,69783600,992942680
6/18/16,15.38,15.38,9.96,11.33,133937000,919496316
6/17/16,20.65,21.52,13.57,15.38,199408000,1247641449
6/16/16,18.36,20.83,18.36,20.59,38531000,1669603973
6/15/16,18.91,18.91,17.71,18.35,19393400,1487381933
6/14/16,17.61,19.27,17.3,18.89,64412200,1530549680
6/13/16,15.77,17.64,15.72,17.6,38023400,1425462344
6/12/16,14.19,15.9,14.19,15.74,38210300,1274310145
6/11/16,13.91,14.19,13.72,14.19,12176500,1148365334
6/10/16,14.38,14.43,13.82,13.91,11312900,1125254980
6/9/16,14.43,14.57,14.34,14.4,8256830,1164444375
6/8/16,14.51,14.78,14.28,14.42,16941800,1165597330
6/7/16,13.95,14.51,13.81,14.51,21421600,1172403500
6/6/16,14,14.06,13.73,13.93,8720400,1125094869
6/5/16,13.76,14.07,13.57,13.98,11088400,1128680348
6/4/16,13.86,13.95,13.42,13.74,15792400,1108870045
6/3/16,13.74,13.87,13.25,13.85,22981500,1117302095
6/2/16,13.99,14.05,13.63,13.74,10477200,1107984942
6/1/16,14.11,14.32,13.44,14,22471300,1128500370
5/31/16,12.74,14.27,12.64,14.08,42433400,1134496487
5/30/16,12.33,12.88,12.27,12.73,14733800,1025318909
5/29/16,12.11,12.69,11.78,12.35,28598400,994317162
5/28/16,11.33,12.36,10.37,11.89,47274800,956901200
5/27/16,12.39,12.39,10.5,11.3,57496400,909053549
5/26/16,12.52,12.99,12.06,12.43,20764000,999557536
5/25/16,12.79,12.9,11.77,12.53,27444700,1007197095
5/24/16,13.31,13.77,12.01,12.73,41560600,1022861700
5/23/16,14.28,14.49,13.19,13.46,23842800,1081086869
5/22/16,14.04,14.35,13.77,14.29,17938900,1147292601
5/21/16,13.69,14.05,13.12,14.02,24648400,1125162831
5/20/16,14.85,15.05,13.38,13.64,50544100,1094232411
5/19/16,13.54,14.87,13.34,14.77,53757500,1184409822
5/18/16,12.18,14.26,12.18,13.56,65389900,1086947176
5/17/16,11.19,12.49,11.15,12.2,37198700,977536087
5/16/16,9.97,11.44,9.97,11.17,29079900,894646870
5/15/16,10.24,10.44,9.93,9.96,9218400,797419736
5/14/16,10.51,10.61,9.81,10.24,18808000,819511237
5/13/16,10.06,11.05,10.02,10.51,31276900,840786932
5/12/16,10,10.51,9.86,10.06,24137700,804463122
5/11/16,9.43,10.01,9.39,10,15267500,799343028
5/10/16,9.28,9.48,9.26,9.36,9321790,747892393
5/9/16,9.49,9.64,9.2,9.3,13085300,742803207
5/8/16,9.37,9.6,8.93,9.48,15031000,756878839
5/7/16,9.32,9.48,9.21,9.37,10806500,747798140
5/6/16,9.81,9.95,9.04,9.35,21510600,745906524
5/5/16,9.4,10.05,9.29,9.83,18296200,783887045
5/4/16,9.38,10.03,9.27,9.41,17622400,750095571
5/3/16,10.17,10.17,9.28,9.31,21463900,741831674
5/2/16,8.89,10.32,8.85,10.16,41019200,809237358
5/1/16,8.78,9.01,8.43,8.85,16713800,704614386
4/30/16,7.45,9.37,7.45,8.81,36573300,701156263
4/29/16,7.21,7.73,7.17,7.46,8762080,593476707
4/28/16,7.74,7.91,7.17,7.17,11576000,570178868
4/27/16,7.39,7.97,7.32,7.76,19254500,616851410
4/26/16,7.53,7.55,7.06,7.4,17667300,587998849
4/25/16,8.01,8.09,7.24,7.55,18239900,599681509
4/24/16,8.29,8.47,7.96,8,10786400,635166894
4/23/16,7.79,8.55,7.74,8.29,14565200,657930666
4/22/16,8.15,8.27,7.67,7.82,13309300,620381657
4/21/16,8.45,8.72,7.96,8.1,13355400,642339053
4/20/16,8.69,8.83,8.31,8.47,15634700,671414730
4/19/16,9.08,9.31,8.6,8.71,12899100,690162043
4/18/16,9.33,9.51,8.5,9.04,21084100,716027019
4/17/16,8.62,9.7,8.56,9.31,24619600,737116398
4/16/16,8.24,8.65,8.11,8.61,9888460,681423238
4/15/16,8.39,8.62,8.1,8.24,12179000,651879851
4/14/16,8.08,8.76,8.02,8.39,13590700,663480694
4/13/16,7.44,8.72,7.07,8.04,31403300,635550112
4/12/16,8.64,8.64,7.15,7.44,23190100,587886705
4/11/16,8.94,8.95,8,8.64,15138100,682436479
4/10/16,9.15,9.22,7.46,8.94,42613400,705854704
4/9/16,9.69,10.09,9.07,9.15,16194800,722144644
4/8/16,10.08,10.39,9.66,9.72,14660600,766830239
4/7/16,10.7,10.81,9.95,10.07,13464500,794121212
4/6/16,10.45,10.97,10.28,10.69,16997100,842681402
4/5/16,11.21,11.21,10.13,10.44,20557300,822647889
4/4/16,11.62,11.62,11.02,11.16,9599070,879029683
4/3/16,11.63,11.71,11.51,11.62,5580550,914891047
4/2/16,11.63,11.69,11.4,11.6,8682620,912947976
4/1/16,11.4,11.85,11.4,11.66,11373100,917307590
3/31/16,11.92,12.01,11.32,11.4,14966700,896489536
3/30/16,11.61,12.18,11.47,11.95,19351200,939365804
3/29/16,11.75,11.91,11.35,11.66,17684200,916200487
3/28/16,10.43,11.86,10.41,11.67,23188300,916618513
3/27/16,10.99,11.05,10.11,10.42,16744800,818111777
3/26/16,10.77,11.18,10.59,10.97,9425480,860947455
3/25/16,11.26,11.37,10.53,10.74,13782000,842553249
3/24/16,12.44,12.5,10.8,11.23,26081800,880635820
3/23/16,11.33,12.43,11.24,12.42,19353200,973555149
3/22/16,11.88,12.03,11.18,11.27,19730300,883058394
3/21/16,10.3,12.01,10.16,11.86,28572600,928107923
3/20/16,10.52,10.9,9.57,10.32,17651100,807272222
3/19/16,11.2,11.2,9.78,10.53,26735700,823367915
3/18/16,11.11,11.18,8.52,11,53956800,859767387
3/17/16,12.56,12.64,10.44,11.08,41650600,865675508
3/16/16,13.02,13.73,12.5,12.52,24335500,974377082
3/15/16,13,13.2,12.05,13.01,28404500,1012119266
3/14/16,14.51,15.01,11.58,12.45,58385100,968181851
3/13/16,13.51,15.26,13.47,14.48,43915100,1125676583
3/12/16,11.13,13.53,11.09,13.53,48957300,1051472321
3/11/16,11.22,11.6,10.39,11.08,21002700,860794513
3/10/16,11.88,12.24,10.99,11.31,26851500,878376792
3/9/16,9.79,12.05,9.67,11.9,27540500,923888576
3/8/16,9.58,10.17,8.82,9.85,25524300,764486085
3/7/16,11.43,11.65,9.31,9.55,34085100,740962588
3/6/16,11.2,11.84,9.99,11.38,39112000,882661825
3/5/16,10.37,12.27,9.97,11,56439600,852918336
3/4/16,9.24,10.41,8.48,10.41,35520100,806903777
3/3/16,8.44,10.1,8.33,9.29,40314900,719857718
3/2/16,7.63,8.75,7.37,8.47,29130200,656105897
3/1/16,6.32,7.91,6.31,7.65,23098100,592392251
2/29/16,6.46,6.61,6.05,6.34,7648020,490789579
2/28/16,6.41,6.62,6.24,6.47,9851660,500697355
2/27/16,5.96,6.53,5.92,6.43,8903210,497439978
2/26/16,6.04,6.27,5.74,5.92,9526860,457837381
2/25/16,6.19,6.65,5.55,6.1,21471800,471603966
2/24/16,5.6,6.24,5.51,6.24,11426500,482267888
2/23/16,5.68,5.95,5.39,5.59,13380600,431890977
2/22/16,4.66,5.65,4.64,5.62,15056200,434069301
2/21/16,4.36,4.71,4.23,4.65,6413550,359031059
2/20/16,4.68,4.75,4.13,4.34,8631090,334986070
2/19/16,4.38,4.79,4.27,4.74,7666320,365740654
2/18/16,3.77,4.77,3.42,4.4,17054000,339395454
2/17/16,4.29,4.77,3.5,3.76,15451000,289934767
2/16/16,5.33,5.47,4.03,4.32,15889100,333011609
2/15/16,5.33,5.89,5.02,5.29,13934200,407652111
2/14/16,5.4,5.47,4.45,5.24,11226500,403668564
2/13/16,5.69,5.72,4.19,5.39,24218800,415089643
2/12/16,5.95,6.58,5.07,5.55,23360800,427270194
2/11/16,4.5,6.29,4.34,6.01,26408200,462532277
2/10/16,4,4.86,3.78,4.44,28640400,341592867
2/9/16,3.17,4.04,3.17,4.04,17954000,310718543
2/8/16,2.97,3.27,2.88,3.18,9725690,244495160
2/7/16,2.54,3.06,2.54,2.96,7007060,227505320
2/6/16,2.53,2.56,2.47,2.53,1921240,194391210
2/5/16,2.57,2.61,2.47,2.54,2636700,195096169
2/4/16,2.53,2.63,2.44,2.58,3552320,198103534
2/3/16,2.43,2.54,2.34,2.53,3987750,194200284
2/2/16,2.22,2.45,2.16,2.44,3451270,187228546
2/1/16,2.32,2.32,2.12,2.21,3994100,169525234
1/31/16,2.44,2.53,2.19,2.31,5847500,177138089
1/30/16,2.51,2.61,2.4,2.45,3725080,187814086
1/29/16,2.54,2.61,2.3,2.49,6662340,190817952
1/28/16,2.41,2.68,2.34,2.53,4903850,193820253
1/27/16,2.25,2.59,2.19,2.39,6961080,183034626
1/26/16,2.53,2.84,1.99,2.28,13939200,174553564
1/25/16,2.15,2.66,2.06,2.5,10739300,191332089
1/24/16,1.9,2.3,1.9,2.14,9669770,163728073
1/23/16,1.5,2.03,1.5,1.97,7370980,150670703
1/22/16,1.55,1.58,1.47,1.5,1567240,114686963
1/21/16,1.53,1.59,1.49,1.55,1614960,118471004
1/20/16,1.36,1.62,1.35,1.53,2933220,116904409
1/19/16,1.42,1.46,1.31,1.37,2446740,104644574
1/18/16,1.33,1.54,1.32,1.43,4278930,109192012
1/17/16,1.22,1.33,1.21,1.33,1171150,101522452
1/16/16,1.22,1.31,1.17,1.22,2462630,93095169
1/15/16,1.18,1.32,1.14,1.21,3910550,92301511
1/14/16,1.12,1.19,1.1,1.19,751961,90745664
1/13/16,1.14,1.15,1.08,1.13,1005910,86141483
1/12/16,1.07,1.28,1.05,1.14,2898760,86875240
1/11/16,0.999216,1.07,0.999216,1.06,1011920,80752624
1/10/16,0.985557,1,0.975099,0.999231,390888,76156211
1/9/16,0.985501,0.992345,0.9736,0.986833,226281,75369418
1/8/16,0.942752,0.991825,0.939715,0.986789,545600,75344183
1/7/16,0.955801,0.974623,0.93583,0.942005,647462,71514613
1/6/16,0.950028,0.960659,0.935708,0.95086,308791,72251742
1/5/16,0.953147,0.970597,0.946543,0.950176,219833,72227593
1/4/16,0.972045,0.976438,0.929835,0.95448,346245,72203211
1/3/16,0.93843,0.991362,0.934313,0.971905,407632,73698554
1/2/16,0.947401,0.969637,0.93656,0.937124,255504,71395097
1/1/16,0.933712,0.954822,0.931442,0.948024,206062,72130418
12/31/15,0.912098,0.975414,0.910277,0.933542,663994,70589177
12/30/15,0.874258,0.941099,0.866647,0.911958,604078,69048198
12/29/15,0.843835,0.873054,0.833232,0.873054,215742,65991249
12/28/15,0.856356,0.872394,0.832932,0.845005,235134,64453035
12/27/15,0.853166,0.861538,0.841151,0.856365,164565,65189458
12/26/15,0.870766,0.897453,0.838314,0.854603,425282,64410110
12/25/15,0.861993,0.882556,0.861993,0.870363,187114,65903879
12/24/15,0.859433,0.882818,0.8476,0.863262,354646,65124520
12/23/15,0.861782,0.88294,0.856065,0.858077,334993,65102929
12/22/15,0.894973,0.909526,0.862059,0.864202,454249,65080943
12/21/15,0.906065,0.91739,0.891182,0.900771,549113,68084919
12/20/15,0.90824,0.943185,0.899441,0.903885,472164,68062509
12/19/15,0.921524,0.925874,0.888916,0.908072,343535,68796196
12/18/15,0.938327,0.939493,0.908081,0.920127,300787,69529065
12/17/15,0.993043,0.997611,0.911807,0.940701,640765,71016977
12/16/15,1.02,1.02,0.974927,0.991182,320767,74769458
12/15/15,0.990589,1.03,0.98224,1.01,578618,76254758
12/14/15,0.95662,1.01,0.950178,0.993022,563436,74719676
12/13/15,0.971538,0.989394,0.937438,0.952884,273614,71676935
12/12/15,0.931196,1.05,0.928546,0.976973,1376280,73914589
12/11/15,0.839995,0.929762,0.819789,0.929762,801072,70119787
12/10/15,0.79559,0.86159,0.787291,0.840396,369589,63312783
12/9/15,0.824454,0.824454,0.770488,0.792167,624221,59523822
12/8/15,0.806024,0.823645,0.782328,0.822118,445903,61762880
12/7/15,0.836322,0.850791,0.78765,0.811264,520409,60989777
12/6/15,0.866417,0.882436,0.833115,0.8355,443608,63227771
12/5/15,0.841195,0.872821,0.824444,0.862438,232743,64712046
12/4/15,0.812082,0.859575,0.802373,0.840041,241278,63186098
12/3/15,0.818546,0.837664,0.785086,0.812143,539969,60909161
12/2/15,0.873171,0.878017,0.818924,0.82121,506307,61639819
12/1/15,0.878316,0.886736,0.853937,0.8748,652857,65377364
11/30/15,0.879951,0.895054,0.847696,0.873119,784439,65355253
11/29/15,0.914144,0.914153,0.860533,0.878614,448358,66084124
11/28/15,0.868102,0.929293,0.862122,0.915703,462464,69064699
11/27/15,0.8821,0.900051,0.860695,0.867951,403813,65289403
11/26/15,0.863273,0.903643,0.80436,0.884183,947473,66017086
11/25/15,0.893827,0.899493,0.851106,0.863537,622991,64495451
11/24/15,0.946442,0.948055,0.895931,0.900191,524195,67473036
11/23/15,0.967493,0.969057,0.93387,0.946969,441875,71197765
11/22/15,0.979765,0.984132,0.958982,0.968018,372173,72671998
11/21/15,0.928758,0.978743,0.92094,0.97614,455976,73396449
11/20/15,0.955735,0.955735,0.898576,0.92492,614335,68879641
11/19/15,0.988713,1.01,0.937498,0.955532,443528,71851752
11/18/15,0.993214,1.01,0.940516,0.993319,681104,74072439
11/17/15,0.924948,1.03,0.905794,1.01,1145440,75543248
11/16/15,0.906166,0.944732,0.891971,0.928962,620945,69535622
11/15/15,0.891217,0.921516,0.874957,0.906368,411848,68017273
11/14/15,0.905469,0.906113,0.876908,0.888812,372514,66499283
11/13/15,0.907722,0.917309,0.846023,0.904096,543671,67223412
11/12/15,0.796455,0.913919,0.76351,0.895711,806156,67200399
11/11/15,0.941296,0.945278,0.729775,0.791829,1278580,58966924
11/10/15,1,1.05,0.920968,0.934348,854581,69393369
11/9/15,1.03,1.11,0.945263,0.999278,2045290,74591281
11/8/15,0.915661,1.03,0.915661,1.03,1021460,76803140
11/7/15,0.923732,0.943787,0.863539,0.927974,890187,69323191
11/6/15,0.904772,0.989848,0.852929,0.926032,913666,69300276
11/5/15,0.900699,0.991259,0.860382,0.895637,1179840,67041648
11/4/15,1.01,1.04,0.725665,0.89905,3060340,67018671
11/3/15,0.994568,1.07,0.936615,1.01,1907690,75183997
11/2/15,1.06,1.1,0.953647,0.989789,1145200,73670029
11/1/15,0.920847,1.08,0.899082,1.06,588913,78852367
10/31/15,1.05,1.06,0.900171,0.916627,673892,68414195
10/30/15,1.21,1.35,0.96816,1.04,2429200,77311125
10/29/15,1.01,1.21,0.947374,1.21,2279240,89916867
10/28/15,0.870938,1.06,0.807857,1,2373050,74285636
10/27/15,0.70889,0.898172,0.70889,0.869641,1846370,64606923
10/26/15,0.619743,0.757517,0.597098,0.731317,1089120,54191357
10/25/15,0.563207,0.688192,0.561383,0.616039,635384,46010334
10/24/15,0.539681,0.577396,0.518688,0.56359,258356,41543441
10/23/15,0.56637,0.611743,0.504284,0.539657,878822,40045785
10/22/15,0.444988,0.619466,0.420991,0.567702,924822,42255548
10/21/15,0.431589,0.482988,0.420897,0.447329,609085,33348769
10/20/15,0.489629,0.501898,0.431648,0.434829,383921,31855877
10/19/15,0.517621,0.521546,0.480994,0.489014,243742,36288646
10/18/15,0.547913,0.552234,0.512861,0.517734,133690,38497462
10/17/15,0.534117,0.56346,0.526961,0.547178,313860,40704884
10/16/15,0.562593,0.568861,0.522533,0.536495,249891,39951142
10/15/15,0.523278,0.572714,0.51473,0.561878,371022,41417130
10/14/15,0.61224,0.61224,0.483974,0.522968,971664,38445971
10/13/15,0.627943,0.63024,0.599214,0.607655,303044,45085036
10/12/15,0.634515,0.657789,0.62603,0.62603,109567,46547144
10/11/15,0.627461,0.639506,0.618335,0.634963,102128,46530695
10/10/15,0.641187,0.649022,0.624374,0.627857,141555,46514935
10/9/15,0.655084,0.692296,0.632116,0.650628,386420,47975685
10/8/15,0.609501,0.633138,0.591971,0.621716,310266,45746223
10/7/15,0.650515,0.656301,0.602423,0.609388,218327,44992667
10/6/15,0.622218,0.653944,0.60623,0.650645,262674,47926740
10/5/15,0.666784,0.674438,0.62445,0.628643,234263,46436916
10/4/15,0.686343,0.693126,0.660716,0.668379,103497,49368525
10/3/15,0.678783,0.709204,0.675482,0.687171,163326,50825355
10/2/15,0.683732,0.69112,0.654605,0.678574,219318,50071505
10/1/15,0.734307,0.734307,0.655906,0.690215,596084,50790093
9/30/15,0.661192,0.746722,0.635861,0.738644,619926,54451246
9/29/15,0.579414,0.67583,0.558346,0.661146,913992,48548960
9/28/15,0.723715,0.725677,0.557062,0.582886,1320890,42650782
9/27/15,0.791277,0.791277,0.719169,0.720839,413801,52928720
9/26/15,0.73763,0.787544,0.709328,0.785964,369620,58055714
9/25/15,0.820031,0.825665,0.712745,0.736223,903457,54363053
9/24/15,0.896796,0.908571,0.79346,0.81361,842505,59484776
9/23/15,0.90356,0.90891,0.885136,0.893406,200541,65337455
9/22/15,0.919337,0.919337,0.865225,0.901796,487914,66048350
9/21/15,0.941496,0.957326,0.878301,0.919047,424039,67492829
9/20/15,0.881191,0.947741,0.873205,0.938445,508314,68936221
9/19/15,0.849603,0.911883,0.833784,0.882391,386988,64512708
9/18/15,0.874574,0.888102,0.833908,0.853685,484622,62291830
9/17/15,0.906865,0.909204,0.831132,0.874231,897940,63736253
9/16/15,0.941977,0.952698,0.901639,0.907175,615593,66644765
9/15/15,0.875189,1.05,0.875189,0.94441,703390,68818547
9/14/15,0.940566,0.949387,0.87176,0.875622,741085,64404547
9/13/15,1.04,1.04,0.902832,0.936003,644138,68773018
9/12/15,0.987228,1.11,0.96978,1.04,772430,76063427
9/11/15,1.16,1.17,0.940675,0.982978,1942600,71650535
9/10/15,1.21,1.22,1.14,1.17,662782,85511890
9/9/15,1.24,1.26,1.2,1.21,366748,88405111
9/8/15,1.25,1.28,1.23,1.24,427892,90565763
9/7/15,1.3,1.31,1.24,1.25,489014,91265326
9/6/15,1.34,1.37,1.29,1.3,491968,94884524
9/5/15,1.28,1.34,1.27,1.34,448453,97770709
9/4/15,1.26,1.3,1.24,1.27,474391,92632042
9/3/15,1.3,1.31,1.21,1.26,702991,91874665
9/2/15,1.35,1.35,1.26,1.29,883769,94040356
9/1/15,1.35,1.39,1.34,1.35,778862,98390161
8/31/15,1.32,1.4,1.2,1.36,1447180,99092212
8/30/15,1.18,1.37,1.17,1.32,1337650,96150523
8/29/15,1.19,1.21,1.15,1.18,375377,85928202
8/28/15,1.15,1.21,1.12,1.19,721872,86630614
8/27/15,1.17,1.19,1.14,1.15,686662,83691969
8/26/15,1.13,1.2,1.06,1.16,1056750,84392379
8/25/15,1.23,1.24,1.13,1.14,1307180,82908815
8/24/15,1.35,1.36,1.23,1.23,924920,89422926
8/23/15,1.38,1.41,1.3,1.35,1589300,98112121
8/22/15,1.4,1.48,1.35,1.38,948310,100257767
8/21/15,1.48,1.56,1.35,1.4,2020970,101673916
8/20/15,1.25,1.53,1.25,1.46,2843760,105994234
8/19/15,1.17,1.32,1.17,1.26,1486240,91449131
8/18/15,1.22,1.33,1.09,1.09,1485680,79082444
8/17/15,1.58,1.58,1.19,1.2,1942830,87033541
8/16/15,1.68,1.7,1.09,1.57,3550790,95141586
8/15/15,1.8,1.88,1.57,1.69,2554360,102370240
8/14/15,1.81,2.26,1.75,1.83,4637030,110801287
8/13/15,1.22,1.97,1.17,1.83,4068680,110748199
8/12/15,1.06,1.29,0.883608,1.22,2150620,73799870
8/11/15,0.708087,1.13,0.663235,1.07,1463100,64698686
8/10/15,0.713989,0.729854,0.636546,0.708448,405283,42912167
8/9/15,0.706136,0.87981,0.629191,0.701897,532170,42284981
8/8/15,2.79,2.8,0.714725,0.753325,674188,45286126
8/7/15,2.83,3.54,2.52,2.77,164329,166483138
